,id,blitz_games,blitz_rating,rapid_games,rapid_rating,bullet_games,bullet_rating,country
0,jeryn_fernandes,149,788,1253,1155,491,922,IN
1,bibinator95,168,792,629,1291,124,749,HR
2,aineshdhar,171,791,123,1052,620,896,IN
3,anirudh_k,438,742,151,1040,335,1088,IN
4,last_galaxy,600,666,393,2008,3741,2007,ID
5,nimal28,165,901,721,1316,252,1046,MY
6,rayyan_meher2008,133,859,531,1190,145,903,AE
7,syn-rg,423,931,532,1281,558,1025,GB
8,andrewjeevandas,142,877,554,1177,543,754,IN
9,irishusmc2232,270,860,372,1142,224,683,US
10,asinei,1280,940,1074,1296,301,897,IN
11,adolfocatral,1370,924,496,1118,155,819,ES
12,rickchess93,965,995,258,1284,502,939,IT
13,twincode,120,836,143,1134,109,870,TR
14,atharva9192,258,812,227,1080,314,733,IN
15,sharkmentality,313,972,126,1096,189,1016,SH
16,savitatalikoti,189,1000,231,1119,180,1119,IN
17,balasubbu,368,886,399,1375,1203,1048,IN
18,oretolu,309,965,296,1306,115,1037,NG
19,uberalligator,305,926,275,965,138,908,UK
20,sudar2011,109,961,604,914,134,784,IN
21,xardas1994,1398,989,183,859,401,1076,PL
22,ucl2020,177,827,329,1037,149,1043,DZ
23,caylak00,660,986,265,1037,1841,1284,KR
24,arastorun,150,988,105,1341,292,895,TR
25,audiomann,10817,979,2598,1433,1741,832,NO
26,shridhar_rao,246,1146,133,1441,116,992,IN
27,zeldamazzy,386,1195,119,1347,537,943,US
28,majinnox,2248,1145,222,1443,1219,855,IN
29,joshinbaja,1735,1109,382,1241,115,891,MX
30,girishsharma2096,624,1184,156,1450,890,1252,IN
31,theoverlord420,572,1094,118,1075,224,990,UK
32,hsc_anma,331,1059,102,1144,106,1095,AU
33,jeremiahparker,106,1063,101,1317,310,1134,US
34,skitsammaaa,345,1198,265,1556,299,1266,SE
35,valeig33,162,1074,193,1348,1562,1346,BR
36,stoeree,221,1148,1288,1731,303,1385,BE
37,randomphantom13,156,1098,478,1534,588,1235,PH
38,letikol,436,1200,149,1237,449,1097,US
39,tamara8,296,1118,1711,1588,295,881,UA
40,drewtate,427,1147,123,1289,292,999,BA
41,arsen1c,420,1199,943,1667,163,1132,IN
42,statcat,452,1185,677,1473,260,1106,GB
43,rajattiwari204,237,1029,531,1283,414,967,IN
44,oxymoerion,816,1166,152,1375,1264,1218,AL
45,serdarates,377,1063,136,1319,447,1110,TR
46,ossaaama,1063,1197,329,1358,221,934,MA
47,mikolaj_ch,420,1138,538,1315,352,1335,PL
48,luukasa,702,1182,120,1242,555,1187,FI
49,radjorey,608,1195,406,1543,277,944,PH
50,joaoschimith,287,1011,339,1269,245,1043,NG
51,rooppesh,627,1061,211,1264,582,1217,IN
52,theronimtnediser,450,1182,1102,1571,847,1376,UK
53,joemie,317,1120,295,1303,939,1141,DE
54,hitakrit,657,1009,1006,1128,754,1276,IN
55,darkpeter,670,1180,227,1257,223,1039,HU
56,luckyboy01,221,1117,138,1300,270,1145,OM
57,chesskinganurag,2861,1177,1270,1492,1125,988,IN
58,lizathecarino,813,1193,1093,1239,289,1121,BD
59,arthav_1,256,1041,109,1117,137,1017,NO
60,renmn2ys,186,1111,282,1452,150,1059,PH
61,jimharwood,4098,1182,774,1352,330,1101,CA
62,kvikrant,152,1181,845,1508,203,1017,IN
63,oceanbetweenus,747,1044,317,1321,471,1035,AQ
64,kh1234aaryan,160,1144,650,1437,136,1147,IN
65,kesitnarf,841,1092,146,1339,187,963,GB
66,sivaskandan,281,1114,381,800,158,1036,IN
67,levi_fl,351,1107,363,1184,134,965,IE
68,sync1,1345,1164,318,1393,162,1073,TN
69,c_hermens,340,1168,267,1572,294,1174,NZ
70,odinkin,675,1100,150,1403,106,801,BD
71,resilientfox,827,1108,854,1297,218,1117,NG
72,kaya0708,382,1007,273,1185,133,914,TR
73,bucky7777777777,187,1118,402,1451,804,1230,IN
74,avyukt1001,214,1162,812,1278,790,1316,IN
75,stefanadrian,348,1047,413,1315,280,937,RO
76,vv77620,279,1178,110,1175,475,1245,US
77,mercyseat,349,1033,418,1163,1430,1274,IE
78,laurentiudumitru,250,1188,2356,1388,1847,1038,RO
79,sayan05,138,1176,593,1550,112,746,IN
80,tnyquist,151,1098,1513,1693,106,1075,IN
81,arush290810,139,1013,212,1100,510,1148,IN
82,nileszhao,401,1020,3708,1482,607,997,CN
83,iscar379,139,1097,637,1259,418,1128,US
84,danielidfsoldier,821,1191,287,1414,298,1144,IL
85,cheungbat68,555,1176,275,982,628,1258,GB
86,milespeppa,284,1100,370,1271,159,911,US
87,asish_ghosh,433,1154,123,1217,305,882,IN
88,soumyajitroy,223,1182,137,1210,1065,1355,IN
89,parinitagal,412,1125,360,1261,107,861,MY
90,batboi555,183,1045,162,1147,405,1179,FI
91,reyanshthukral007,160,1136,1145,1251,121,958,IN
92,yazh2020,403,1038,848,1232,357,1173,IN
93,hemantahir,1150,1174,1239,1483,1192,1139,IN
94,freddychess100,185,1031,275,1135,109,920,IN
95,arsen_ismanov,1242,1165,330,1223,242,1084,KZ
96,keshavsonar,511,1188,709,1229,434,1064,IN
97,petrantos,592,1030,140,1273,136,985,GR
98,ruzgaryengel,154,1156,146,1397,204,1312,TR
99,panzer6996,871,1181,1138,1411,190,1026,IN
100,kalpurush,135,1093,190,1245,134,944,BD
101,arushvemuri,116,1095,213,1083,128,851,US
102,robertgixon,487,1126,125,1255,664,1054,AE
103,mayukhsen7,210,1092,716,1429,204,997,IN
104,vortexxkrill,173,1098,352,1339,191,1058,US
105,savagefinds,766,1183,331,1551,241,894,US
106,geilias99,103,1055,124,1274,243,943,AT
107,micromateo,873,1009,240,1160,678,1004,CA
108,nil_0-omm,167,1026,160,1133,185,1106,IN
109,lightyagami1729,236,1088,168,1216,763,1020,IN
110,pranamya_prachi,256,1019,1545,1332,293,1031,JE
111,mark22112013,415,1075,153,1339,251,1111,RU
112,savva-luchkin,123,1156,1253,1428,129,1187,RU
113,luminous104,164,1092,244,1214,320,1107,BD
114,ayushgupta123,249,1071,199,1447,115,890,IN
115,deguus,251,1047,750,1577,205,958,NL
116,jorgecanomartin,819,1043,118,1103,1294,1274,ES
117,boonie2000,749,1120,500,1461,211,1250,UA
118,bal7878,2057,1197,116,1450,498,1023,IN
119,yorkshireboi,236,1091,341,1448,237,1138,GB
120,rishabha,483,1200,893,1443,742,1438,UK
121,sartak12,211,1093,421,1186,522,1098,IN
122,konstantinos6,250,1074,262,1006,241,1043,GR
123,vesperious,305,1116,556,1311,404,1313,HR
124,louis153,251,1086,174,1289,253,970,FR
125,radhacharan2010,161,1140,578,1343,425,1190,US
126,kesitnarf,841,1092,146,1339,187,963,GB
127,luckyboy01,221,1117,138,1300,270,1145,OM
128,soumyajitroy,223,1182,137,1210,1065,1355,IN
129,joaoschimith,287,1011,339,1269,245,1043,NG
130,savva-luchkin,123,1156,1253,1428,129,1187,RU
131,vortexxkrill,173,1098,352,1339,191,1058,US
132,sivaskandan,281,1114,381,800,158,1036,IN
133,oxymoerion,816,1166,152,1375,1264,1218,AL
134,mercyseat,349,1033,418,1163,1430,1274,IE
135,ayushgupta123,249,1071,199,1447,115,890,IN
136,iscar379,139,1097,637,1259,418,1128,US
137,renmn2ys,186,1111,282,1452,150,1059,PH
138,konstantinos6,250,1074,262,1006,241,1043,GR
139,danielidfsoldier,821,1191,287,1414,298,1144,IL
140,wasilowski04,394,1192,377,1133,190,981,PL
141,rishabha,483,1200,893,1443,742,1438,UK
142,vv77620,279,1178,110,1175,475,1245,US
143,asish_ghosh,433,1154,123,1217,305,882,IN
144,randomphantom13,156,1098,478,1534,588,1235,PH
145,majinnox,2248,1145,222,1443,1219,855,IN
146,jorgecanomartin,819,1043,118,1103,1294,1274,ES
147,radhacharan2010,161,1140,578,1343,425,1190,US
148,yazh2020,403,1038,848,1232,357,1173,IN
149,theoverlord420,572,1094,118,1075,224,990,UK
150,sayan05,138,1176,593,1550,112,746,IN
151,pranamya_prachi,256,1019,1545,1332,293,1031,JE
152,laurentiudumitru,250,1188,2356,1388,1847,1038,RO
153,chesskinganurag,2861,1177,1270,1492,1125,988,IN
154,hemantahir,1150,1174,1239,1483,1192,1139,IN
155,geilias99,103,1055,124,1274,243,943,AT
156,ossaaama,1063,1197,329,1358,221,934,MA
157,robertgixon,487,1126,125,1255,664,1054,AE
158,bal7878,2057,1197,116,1450,498,1023,IN
159,jimharwood,4098,1182,774,1352,330,1101,CA
160,milespeppa,284,1100,370,1271,159,911,US
161,freddychess100,185,1031,275,1135,109,920,IN
162,trithyne,416,1169,148,1342,278,1304,GB
163,tnyquist,151,1098,1513,1693,106,1075,IN
164,arsen_ismanov,1242,1165,330,1223,242,1084,KZ
165,luminous104,164,1092,244,1214,320,1107,BD
166,bucky7777777777,187,1118,402,1451,804,1230,IN
167,kh1234aaryan,160,1144,650,1437,136,1147,IN
168,nil_0-omm,167,1026,160,1133,185,1106,IN
169,arsen1c,420,1199,943,1667,163,1132,IN
170,stefanadrian,348,1047,413,1315,280,937,RO
171,luukasa,702,1182,120,1242,555,1187,FI
172,sashwinakashsk,135,1136,144,1171,101,817,IN
173,letikol,436,1200,149,1237,449,1097,US
174,hitakrit,657,1009,1006,1128,754,1276,IN
175,kalpurush,135,1093,190,1245,134,944,BD
176,savagefinds,766,1183,331,1551,241,894,US
177,jeremiahparker,106,1063,101,1317,310,1134,US
178,kaya0708,382,1007,273,1185,133,914,TR
179,arush290810,139,1013,212,1100,510,1148,IN
180,rooppesh,627,1061,211,1264,582,1217,IN
181,micromateo,873,1009,240,1160,678,1004,CA
182,sync1,1345,1164,318,1393,162,1073,TN
183,c_hermens,340,1168,267,1572,294,1174,NZ
184,levi_fl,351,1107,363,1184,134,965,IE
185,arushvemuri,116,1095,213,1083,128,851,US
186,joemie,317,1120,295,1303,939,1141,DE
187,rajattiwari204,237,1029,531,1283,414,967,IN
188,hsc_anma,331,1059,102,1144,106,1095,AU
189,radjorey,608,1195,406,1543,277,944,PH
190,stoeree,221,1148,1288,1731,303,1385,BE
191,silenticecream,381,1130,400,1535,116,1245,AU
192,serdarates,377,1063,136,1319,447,1110,TR
193,valeig33,162,1074,193,1348,1562,1346,BR
194,girishsharma2096,624,1184,156,1450,890,1252,IN
195,shridhar_rao,246,1146,133,1441,116,992,IN
196,mark22112013,415,1075,153,1339,251,1111,RU
197,kvikrant,152,1181,845,1508,203,1017,IN
198,mayukhsen7,210,1092,716,1429,204,997,IN
199,joshinbaja,1735,1109,382,1241,115,891,MX
200,deguus,251,1047,750,1577,205,958,NL
201,boonie2000,749,1120,500,1461,211,1250,UA
202,lizathecarino,813,1193,1093,1239,289,1121,BD
203,oceanbetweenus,747,1044,317,1321,471,1035,AQ
204,siddharthralse,734,1107,325,1397,278,1127,IN
205,drewtate,427,1147,123,1289,292,999,BA
206,skitsammaaa,345,1198,265,1556,299,1266,SE
207,yorkshireboi,236,1091,341,1448,237,1138,GB
208,cheungbat68,555,1176,275,982,628,1258,GB
209,ruzgaryengel,154,1156,146,1397,204,1312,TR
210,statcat,452,1185,677,1473,260,1106,GB
211,reyanshthukral007,160,1136,1145,1251,121,958,IN
212,avyukt1001,214,1162,812,1278,790,1316,IN
213,sartak12,211,1093,421,1186,522,1098,IN
214,darkpeter,670,1180,227,1257,223,1039,HU
215,zeldamazzy,386,1195,119,1347,537,943,US
216,louis153,251,1086,174,1289,253,970,FR
217,parinitagal,412,1125,360,1261,107,861,MY
218,tamara8,296,1118,1711,1588,295,881,UA
219,resilientfox,827,1108,854,1297,218,1117,NG
220,mikolaj_ch,420,1138,538,1315,352,1335,PL
221,vesperious,305,1116,556,1311,404,1313,HR
222,keshavsonar,511,1188,709,1229,434,1064,IN
223,lightyagami1729,236,1088,168,1216,763,1020,IN
224,arthav_1,256,1041,109,1117,137,1017,NO
225,theronimtnediser,450,1182,1102,1571,847,1376,UK
226,kesitnarf,841,1092,146,1339,187,963,GB
227,luckyboy01,221,1117,138,1300,270,1145,OM
228,soumyajitroy,223,1182,137,1210,1065,1355,IN
229,joaoschimith,287,1011,339,1269,245,1043,NG
230,savva-luchkin,123,1156,1253,1428,129,1187,RU
231,vortexxkrill,173,1098,352,1339,191,1058,US
232,sivaskandan,281,1114,381,800,158,1036,IN
233,oxymoerion,816,1166,152,1375,1264,1218,AL
234,mercyseat,349,1033,418,1163,1430,1274,IE
235,ayushgupta123,249,1071,199,1447,115,890,IN
236,iscar379,139,1097,637,1259,418,1128,US
237,renmn2ys,186,1111,282,1452,150,1059,PH
238,konstantinos6,250,1074,262,1006,241,1043,GR
239,danielidfsoldier,821,1191,287,1414,298,1144,IL
240,wasilowski04,394,1192,377,1133,190,981,PL
241,rishabha,483,1200,893,1443,742,1438,UK
242,vv77620,279,1178,110,1175,475,1245,US
243,asish_ghosh,433,1154,123,1217,305,882,IN
244,randomphantom13,156,1098,478,1534,588,1235,PH
245,majinnox,2248,1145,222,1443,1219,855,IN
246,jorgecanomartin,819,1043,118,1103,1294,1274,ES
247,radhacharan2010,161,1140,578,1343,425,1190,US
248,yazh2020,403,1038,848,1232,357,1173,IN
249,theoverlord420,572,1094,118,1075,224,990,UK
250,sayan05,138,1176,593,1550,112,746,IN
251,pranamya_prachi,256,1019,1545,1332,293,1031,JE
252,laurentiudumitru,250,1188,2356,1388,1847,1038,RO
253,chesskinganurag,2861,1177,1270,1492,1125,988,IN
254,hemantahir,1150,1174,1239,1483,1192,1139,IN
255,geilias99,103,1055,124,1274,243,943,AT
256,ossaaama,1063,1197,329,1358,221,934,MA
257,robertgixon,487,1126,125,1255,664,1054,AE
258,bal7878,2057,1197,116,1450,498,1023,IN
259,jimharwood,4098,1182,774,1352,330,1101,CA
260,milespeppa,284,1100,370,1271,159,911,US
261,freddychess100,185,1031,275,1135,109,920,IN
262,trithyne,416,1169,148,1342,278,1304,GB
263,tnyquist,151,1098,1513,1693,106,1075,IN
264,arsen_ismanov,1242,1165,330,1223,242,1084,KZ
265,luminous104,164,1092,244,1214,320,1107,BD
266,bucky7777777777,187,1118,402,1451,804,1230,IN
267,kh1234aaryan,160,1144,650,1437,136,1147,IN
268,nil_0-omm,167,1026,160,1133,185,1106,IN
269,arsen1c,420,1199,943,1667,163,1132,IN
270,stefanadrian,348,1047,413,1315,280,937,RO
271,luukasa,702,1182,120,1242,555,1187,FI
272,sashwinakashsk,135,1136,144,1171,101,817,IN
273,letikol,436,1200,149,1237,449,1097,US
274,hitakrit,657,1009,1006,1128,754,1276,IN
275,kalpurush,135,1093,190,1245,134,944,BD
276,savagefinds,766,1183,331,1551,241,894,US
277,jeremiahparker,106,1063,101,1317,310,1134,US
278,kaya0708,382,1007,273,1185,133,914,TR
279,arush290810,139,1013,212,1100,510,1148,IN
280,rooppesh,627,1061,211,1264,582,1217,IN
281,micromateo,873,1009,240,1160,678,1004,CA
282,sync1,1345,1164,318,1393,162,1073,TN
283,c_hermens,340,1168,267,1572,294,1174,NZ
284,levi_fl,351,1107,363,1184,134,965,IE
285,arushvemuri,116,1095,213,1083,128,851,US
286,joemie,317,1120,295,1303,939,1141,DE
287,rajattiwari204,237,1029,531,1283,414,967,IN
288,hsc_anma,331,1059,102,1144,106,1095,AU
289,radjorey,608,1195,406,1543,277,944,PH
290,stoeree,221,1148,1288,1731,303,1385,BE
291,silenticecream,381,1130,400,1535,116,1245,AU
292,serdarates,377,1063,136,1319,447,1110,TR
293,valeig33,162,1074,193,1348,1562,1346,BR
294,girishsharma2096,624,1184,156,1450,890,1252,IN
295,shridhar_rao,246,1146,133,1441,116,992,IN
296,mark22112013,415,1075,153,1339,251,1111,RU
297,kvikrant,152,1181,845,1508,203,1017,IN
298,mayukhsen7,210,1092,716,1429,204,997,IN
299,joshinbaja,1735,1109,382,1241,115,891,MX
300,deguus,251,1047,750,1577,205,958,NL
301,boonie2000,749,1120,500,1461,211,1250,UA
302,lizathecarino,813,1193,1093,1239,289,1121,BD
303,oceanbetweenus,747,1044,317,1321,471,1035,AQ
304,siddharthralse,734,1107,325,1397,278,1127,IN
305,drewtate,427,1147,123,1289,292,999,BA
306,skitsammaaa,345,1198,265,1556,299,1266,SE
307,yorkshireboi,236,1091,341,1448,237,1138,GB
308,cheungbat68,555,1176,275,982,628,1258,GB
309,ruzgaryengel,154,1156,146,1397,204,1312,TR
310,statcat,452,1185,677,1473,260,1106,GB
311,reyanshthukral007,160,1136,1145,1251,121,958,IN
312,avyukt1001,214,1162,812,1278,790,1316,IN
313,sartak12,211,1093,421,1186,522,1098,IN
314,darkpeter,670,1180,227,1257,223,1039,HU
315,zeldamazzy,386,1195,119,1347,537,943,US
316,louis153,251,1086,174,1289,253,970,FR
317,parinitagal,412,1125,360,1261,107,861,MY
318,tamara8,296,1118,1711,1588,295,881,UA
319,resilientfox,827,1108,854,1297,218,1117,NG
320,mikolaj_ch,420,1138,538,1315,352,1335,PL
321,vesperious,305,1116,556,1311,404,1313,HR
322,keshavsonar,511,1188,709,1229,434,1064,IN
323,lightyagami1729,236,1088,168,1216,763,1020,IN
324,arthav_1,256,1041,109,1117,137,1017,NO
325,theronimtnediser,450,1182,1102,1571,847,1376,UK
326,eugeneshch,290,1426,1066,1715,163,1319,BY
327,stoma1234,437,1563,593,1476,120,1360,RU
328,rohan_h,225,1474,1098,1802,4445,1166,IN
329,gamma_integrator,3110,1595,322,1530,601,1380,IN
330,melleyees,2541,1452,375,1516,957,1479,SE
331,tudorruxanda,1837,1587,440,1728,408,1341,RO
332,haktanbasaran,877,1496,230,1373,842,1179,TR
333,juliejones,333,1519,234,1706,4421,1455,JP
334,nerdydave2017,2407,1505,622,1698,369,1138,NG
335,fersho,9763,1463,197,1510,1567,1257,MX
336,abramov_nikita,385,1587,213,1681,814,1626,RU
337,izmamnik123,4687,1448,998,1577,588,1240,BG
338,pratiktambi2013,307,1409,276,1391,199,1221,IN
339,mayur23mahajan,287,1477,237,1615,253,1401,IN
340,red_pandaz,748,1597,706,1701,760,1437,IE
341,agent90,675,1587,212,1558,560,1319,UG
342,pratikcarlsen,216,1439,594,1817,208,1461,IN
343,zuzix23,408,1444,125,1502,112,1235,PL
344,stayhome30,744,1543,244,1301,2049,1400,DE
345,luckyluc619,975,1570,333,1689,2603,1395,NO
346,beataao,662,1428,416,1505,1597,1111,HU
347,stolak,988,1598,131,1664,3707,1543,HR
348,raghav0905,349,1526,122,1661,115,1273,IN
349,mixail2010,446,1597,1747,1686,788,1723,RU
350,engagedknight,1179,1411,1140,1543,600,1095,NP
351,heisenberg02,362,1600,462,1653,632,1406,VU
352,cocentino,3784,1424,3328,1529,854,1301,BR
353,doubledoc,2089,1409,632,1557,797,1226,AT
354,vanyechka,490,1454,1714,1781,597,1349,US
355,m_kj,2207,1573,623,1728,698,1288,DE
356,davedavedave1,938,1477,246,1706,3429,1452,US
357,uodas,1423,1586,293,1902,487,1506,CA
358,jesushimself9,2592,1548,267,1688,835,1595,ME
359,vin_man,259,1449,185,1648,293,1217,IN
360,lf33,3186,1600,306,1705,130,1391,DE
361,nightattack2020,975,1578,240,1790,266,1302,ZA
362,rudrakankhara,165,1506,280,1624,104,1488,IN
363,rtrollfacey,917,1587,217,1780,1172,1418,DZ
364,gambo-fett,268,1415,869,1536,1007,1478,US
365,tetritolia,980,1520,858,1804,287,1187,GE
366,tapankumarmaestro,264,1587,876,2037,179,1222,IN
367,dallasa,887,1476,624,1588,261,1318,US
368,wolf3213,838,1404,230,1657,862,1128,PL
369,phiras,167,1521,413,1760,121,1346,JO
370,fadinglights,2407,1539,861,1799,198,1651,IN
371,sendnudes420,2216,1474,1804,1654,1045,1176,UK
372,indiandoraemon,699,1591,444,1698,1008,1630,IN
373,mir_123,497,1462,242,1694,152,1028,IN
374,darkjacobo,1521,1493,783,1835,109,1193,MX
375,gnaneshwarpaidipalla,403,1418,220,1527,144,1359,IN
376,server102,2606,1594,1013,1779,351,1445,NG
377,trappyaan,623,1463,586,1689,328,1160,AU
378,aafat,601,1444,492,1575,288,1270,IN
379,avinaba_sengupta,1493,1551,427,1785,1136,1304,IN
380,slurpjurp,903,1537,341,1649,1435,1414,US
381,elasplatypus,1815,1500,335,1539,477,1445,US
382,professionalchess01,107,1576,685,1852,129,1358,IN
383,darkfire924,193,1466,209,1669,439,1550,US
384,silverbackhq,1406,1571,445,1692,4686,1485,US
385,showmeurpp,177,1581,106,1724,192,1635,SG
386,plus_ca_change,745,1503,105,1794,1405,1267,AR
387,dakort,1946,1592,1096,1681,1336,1485,DE
388,urslovingly7,778,1582,223,1749,1712,1356,IN
389,cosmosgo1,1039,1428,669,1816,456,1257,MA
390,paul_morphy_jr,486,1416,401,1733,129,1219,US
391,l0l3r,1889,1512,988,1650,279,1111,GE
392,sotantar_s_k,7108,1473,314,1462,151,1139,IT
393,tingaling72,1043,1428,472,1320,866,1128,CA
394,matus_k2021,417,1433,982,1739,156,1103,SK
395,khattab725,382,1563,146,1689,426,1297,PS
396,ynot4k,325,1407,1159,1831,697,1364,US
397,antoonyvkl,1016,1440,143,1106,139,968,AE
398,knight_wing,778,1444,637,1504,11474,1653,IN
399,valentingenov,952,1502,249,1503,255,1400,BG
400,jackmatefce,386,1574,193,1804,152,1440,AQ
401,elek_lenard,401,1514,120,1404,4384,1409,RS
402,ikhsan2011,790,1449,274,1489,233,1410,KZ
403,sa7hvikh,734,1533,652,1760,730,1417,IN
404,happyharsh,762,1555,919,1760,314,1568,IN
405,snewbird,600,1450,643,1782,176,1119,BR
406,nikitosik1708,551,1465,384,1540,1216,1694,RU
407,usman_bhaijan,2784,1422,758,1587,224,1023,IN
408,genocidalpawn,565,1497,118,1791,707,1304,US
409,ashhad786,667,1598,912,1759,272,1397,IN
410,hurakun,1628,1569,270,1726,374,1315,FR
411,snezienka,978,1599,1176,1840,425,1384,SK
412,willeito,733,1420,297,1665,171,1172,US
413,riseblue2511,574,1544,398,1678,207,1010,IN
414,chessanitej16,208,1446,387,1639,149,1372,IN
415,thanhdat2010,454,1576,284,1697,293,1517,VN
416,inqalab_zindabad,3080,1594,1909,1849,854,1411,IN
417,grosdaedae,947,1498,458,1522,402,1420,FR
418,wariorl,544,1413,175,1446,821,1369,GR
419,zuruz,2185,1554,489,1551,918,1575,PL
420,thesnowcrow,1279,1525,185,1500,4322,1205,EE
421,anisslimani48,1941,1532,3255,1768,485,1305,TN
422,inspektor404,899,1443,544,1660,776,1498,DE
423,drsalibra,1312,1559,167,1784,3262,1426,SY
424,ssohua,1036,1596,253,1690,545,1560,IN
425,boramalivuk,6632,1447,1085,1690,455,1056,RS
426,ferocious_69,217,1444,220,1459,501,1414,IN
427,enadir,1416,1580,391,1701,459,1433,DZ
428,tushar10082020,147,1500,1444,1657,632,1280,NO
429,gez1988,2308,1525,1297,1777,5678,1514,HN
430,shailaj12,568,1456,551,1605,389,1359,IN
431,ayushchavali100,1170,1416,220,1254,2161,1433,UK
432,javidan7,1858,1596,665,1604,1455,1354,PL
433,sau6402,2058,1461,265,1671,250,1129,IN
434,acw420,3131,1482,185,1460,418,1178,AU
435,ahmed--nasr,3267,1468,588,1741,760,1154,TN
436,luislg,913,1570,259,1714,151,1376,CU
437,bosun1234,274,1475,458,1628,521,1478,US
438,vercingetorige,2385,1453,537,1429,219,1485,IT
439,nealsundar,503,1592,1507,1977,186,1528,US
440,jpeik,2247,1473,654,1574,622,1351,US
441,ryanm1078,392,1453,571,1617,187,1313,UK
442,epicalerick21,1323,1565,882,1796,349,1351,KP
443,crotoza,1062,1496,146,1632,288,1309,IN
444,professorsmith,569,1486,112,1613,794,1557,US
445,abusha2,1883,1433,491,1632,866,1203,ET
446,jul2020,233,1434,301,1623,185,1287,PS
447,larry-kasparov,1272,1508,140,1622,3082,1382,US
448,mohamedkhemkham,889,1573,503,1673,435,1213,DZ
449,shashwat2312,1434,1417,163,1583,191,1366,IN
450,striker450,2141,1553,673,1710,516,1210,IN
451,treasurelight,948,1559,134,1537,167,1191,UG
452,ruwenzori,4129,1473,664,1784,822,1188,PL
453,amarsar7,1927,1510,238,1607,4692,1259,IN
454,pawnedupkicks,869,1487,737,1700,200,1345,US
455,mayanksarvpriya2412,396,1502,207,1489,988,1465,IN
456,angelina_l,191,1508,279,1530,1588,1506,FR
457,learningchess786,5759,1487,5269,1702,912,1208,IN
458,alex3100,1448,1431,1208,1823,2272,1148,BG
459,matobali,1038,1536,1490,1853,1129,1214,CZ
460,maashkhan,550,1481,367,1675,700,1022,IN
461,matty1,2607,1517,772,1651,3532,1693,GB
462,steve4443,440,1415,631,1713,234,1116,NG
463,aiman11,5021,1553,206,1733,480,1436,BD
464,mord42,300,1507,2006,1571,779,1323,US
465,nimishbharadwaj,369,1419,591,1731,2347,1278,US
466,shoaibalam,2197,1436,914,1570,1259,1165,PK
467,aaditp2007,440,1594,1231,1713,792,1649,IN
468,heckm8,1204,1530,354,1590,199,1498,US
469,notapickle,1793,1402,144,1370,273,1541,AQ
470,darrensoh,787,1587,744,1605,282,1277,MY
471,akoko,2767,1501,1384,1826,345,1238,BA
472,josefkukla,189,1546,190,1629,189,1267,CZ
473,raichess,686,1502,649,1506,269,1323,TH
474,orlevy,4191,1498,207,1532,1364,1218,IL
475,danielesco,4842,1540,352,1590,241,1219,NL
476,goktugduyur,1199,1533,354,1455,431,1373,TR
477,lovemega,8102,1545,215,1635,334,1206,DZ
478,rafafugi,518,1584,159,1442,177,1306,BR
479,arixs,1456,1581,544,1595,481,1689,HR
480,sarma21,2745,1535,686,1576,244,1241,BD
481,essd8,149,1472,183,1601,435,1424,GR
482,stahious,690,1412,251,1655,345,1506,PL
483,ekumar73,123,1449,1021,1845,122,1184,IN
484,karthik_shinbukan,168,1429,320,1773,232,1245,IN
485,mattiatrucco,3275,1589,643,1835,240,1310,IT
486,mrv-13,563,1483,321,1865,437,1384,JO
487,damxo,2618,1573,205,1765,2219,1575,ET
488,akrauze,447,1470,1092,1643,820,1377,PL
489,zanmlakar,734,1548,319,1800,2927,1221,NL
490,nihar53,333,1457,259,1504,462,1281,IN
491,ritvik2013,769,1463,707,1601,177,1144,US
492,jnarula,271,1480,822,1761,443,1410,CA
493,strangify,2284,1593,3193,1658,3007,1562,UZ
494,victoriabitterthirst,333,1485,325,1683,440,1412,AU
495,whomstdid,1116,1582,187,1588,1537,1686,FI
496,pujari12345,750,1455,156,1620,467,1561,IN
497,cheese220,1626,1514,1155,1680,125,1250,RO
498,silentsensei,327,1411,109,1578,611,1321,US
499,blackpony,3028,1531,322,1800,103123,1831,JM
500,germanovtimofey,2503,1554,756,1649,464,1458,RU
501,forrest2020,8803,1592,290,1632,7400,1520,IN
502,typp,377,1513,245,1639,257,1474,DE
503,kushaggarwal,1751,1589,178,1639,2310,1649,IN
504,ricmg,3306,1520,4845,1689,279,942,DE
505,ses747,323,1468,325,1858,2834,1413,UK
506,uny1me,271,1428,438,1611,337,1006,NG
507,cyansushi,507,1528,245,1869,2707,1323,AQ
508,williams8,760,1594,112,1515,320,1593,GB
509,sourav199,1338,1441,1271,1719,753,1247,IN
510,turd,1996,1585,846,1688,1758,1443,US
511,karnal,1417,1596,1063,1717,774,1470,IN
512,sliwek,808,1523,265,1646,159,1341,PL
513,ccheukka,844,1455,106,1494,403,1185,HK
514,rdoughty,1310,1586,158,1562,2379,1443,US
515,alxav,1420,1564,530,1623,824,1321,IN
516,magnatplayer,1410,1590,2114,1833,191,1417,PL
517,kaan-chess,324,1481,124,1492,954,1630,TR
518,milbei69,780,1546,220,1393,497,1415,RO
519,shreynahar1,243,1403,391,1545,124,1444,IN
520,captaindavinci,814,1514,1053,1814,472,1458,IN
521,mohshami,1230,1568,367,1708,1311,1739,JO
522,atlalltheway626,998,1425,261,1532,702,1540,US
523,daniel_likes_chess,215,1517,162,1540,398,1611,US
524,prepsansan,213,1504,458,1582,377,1529,GB
525,sagarnadar2016,1415,1505,387,1768,441,1418,IN
526,dfoeblitzed,1694,1456,126,1521,286,1289,ZA
527,anshjha,552,1430,417,1456,194,1368,IN
528,sceletonice,1478,1407,119,1461,825,1122,LI
529,muanshul30105,117,1544,173,1498,665,1450,US
530,xfawz,221,1573,220,1779,678,1754,CA
531,dominoc,1400,1573,141,1694,1427,1489,IT
532,srpmi,2911,1561,653,1790,621,1266,IN
533,coolmimi,854,1462,362,1620,193,1194,HR
534,jamajkacz,1050,1592,951,1829,149,1259,CZ
535,archiegm,1432,1406,554,1393,778,1316,PH
536,aalupotato,4326,1460,262,1387,2368,1463,NP
537,xxnufailxx,662,1599,275,1685,845,1628,MY
538,rodherrera4,2328,1404,889,1616,326,1278,RU
539,patioplayer,5296,1557,515,1747,6060,1244,DE
540,grandchessmaster50,231,1495,992,2035,158,1155,CH
541,jaivalmehta,1013,1524,120,1545,1248,1405,IN
542,comrademoria1917,1460,1437,138,1652,192,1295,TR
543,victorysword,401,1433,225,1372,765,1369,AQ
544,kxntrxlx,588,1442,1068,1636,139,1328,GY
545,rohanlipu,1599,1456,1026,1516,1042,1507,IN
546,antekkuras,520,1478,1185,1819,106,1313,PL
547,simardevsandhu,133,1506,390,1744,663,1458,MY
548,ryguy96322,527,1476,368,1616,1276,1526,US
549,susanjacob,148,1408,399,1737,371,1248,US
550,blvcklivesmatter,154,1547,625,1728,225,1401,BE
551,extremelybigbrain,929,1527,272,1833,2211,1532,PL
552,numnum24,140,1401,120,1652,214,1413,NZ
553,drwtf,566,1588,494,1671,977,1670,UK
554,valen2,744,1438,616,1440,317,1339,AR
555,kyzir1320,1656,1536,455,1617,106,1255,PH
556,ily455,1794,1408,149,1626,178,1264,MA
557,kavya09128,424,1505,139,1611,262,1463,IN
558,raffayhassan,1144,1525,753,1536,543,1266,PK
559,begrudging_goat,401,1495,173,1685,261,1481,AF
560,leonpdq,568,1507,187,1654,280,1417,MY
561,arturaraqelyan2013,1737,1487,853,1619,316,1242,AM
562,yashmeet57,269,1436,864,1578,101,1260,IN
563,batze34,1343,1515,382,1639,542,1399,LI
564,nithusha21,1424,1537,259,1499,215,1328,IN
565,somrajdey2010,117,1493,2140,1708,113,961,GQ
566,iamankurray,555,1557,201,1691,1144,1397,IN
567,thebabyyoda,1974,1584,1547,1606,324,1314,US
568,karsam03,1781,1555,1446,1597,2312,1609,CA
569,antiplayer,4052,1519,3712,1779,1279,1446,UA
570,ociftciler,525,1480,687,1703,102,1247,TR
571,chesterpro,865,1589,139,1577,530,1534,RU
572,shubhamsawang,923,1587,4167,2020,921,1385,IN
573,jebjenkins,610,1536,2273,1707,112,1253,US
574,bgusty,4366,1422,234,1581,2232,1330,HU
575,sylogista,6122,1540,1390,1732,896,1359,PL
576,lucap_thehall,384,1651,3116,1976,263,1400,UK
577,krantico,1225,1606,139,1789,472,1282,IN
578,z49910150,1864,1800,288,2007,4008,1732,UK
579,unclezebra,5072,1781,1275,2039,1615,1816,JO
580,abhilaash2009,2025,1670,366,1699,859,1767,PK
581,alexkarlovskiyi2010,371,1628,201,1513,483,1348,RU
582,oliver91,3272,1799,1909,1807,2978,1712,SE
583,sainiisback16,332,1734,2652,1931,471,1623,IN
584,cross27,622,1740,419,1980,656,1709,UA
585,amcg23,702,1613,101,1515,582,1560,IE
586,jim127773,348,1772,366,2039,321,1635,AU
587,vitthalsur,1697,1704,124,1855,2722,1630,IN
588,dave3,457,1703,493,2039,188,1383,IE
589,ananthu2011,370,1749,156,1686,421,1598,IN
590,huzpro,869,1622,433,1801,1145,1436,PK
591,i_dont_care_really,811,1657,437,1620,3285,1613,IN
592,slava_mikhalev,822,1627,2269,1771,342,1401,RU
593,brunobcmachado,1474,1711,158,1970,5402,1595,BR
594,babazadeekber,283,1677,114,2178,1678,1597,AZ
595,bakimikic,239,1630,139,1558,1476,1889,RS
596,pawn__starr,3155,1709,949,1881,411,1207,US
597,dik06,1790,1626,200,1941,3717,1431,GR
598,satyast,7117,1754,843,1961,565,1579,IN
599,duzis,1116,1679,205,1867,513,1682,DE
600,tjantin13,1575,1734,794,1833,2436,1538,NG
601,partha_kisor,381,1667,3422,2049,401,1347,BD
602,stojadin_101,937,1628,330,1697,4816,1517,HR
603,elkapan,2146,1674,2481,1975,882,1522,GB
604,hinnisiemsen,4690,1735,365,1717,1324,1665,DE
605,odradek95,1657,1628,1143,1657,3966,1677,AR
606,kdotlns7,1011,1607,336,1732,1506,1686,PH
607,myakshay123,1244,1733,405,1511,280,1473,IN
608,tomatomatoma,3423,1711,915,1902,3707,1839,RS
609,bluesapphire42,888,1624,898,1666,207,1308,BR
610,drarsger,168,1748,295,1900,161,1714,RU
611,yuvraj020,1368,1654,250,1575,1183,1600,US
612,chessmasterakki,128,1756,155,1939,309,1465,IN
613,emamhassain420,390,1665,226,1721,162,1550,BD
614,getz2pro4yo,310,1658,721,1767,609,1520,ZA
615,ri_chill,2286,1658,103,1787,1254,1489,RO
616,chanammadragon,293,1618,328,1583,261,1494,IN
617,hunter72,3527,1701,2060,1412,797,1561,IN
618,sai1008,2133,1777,302,1785,418,1640,IN
619,deep_kun,166,1792,114,1812,148,1519,IN
620,mateusmota14,2293,1800,188,1679,5335,1739,BR
621,rohithbairi,3729,1714,540,1850,1266,1670,IN
622,vedantbhargava2010,959,1779,2164,1817,1491,1792,IN
623,igorshijak,3626,1763,394,1923,2677,1709,HR
624,zuizuiz,2089,1751,650,2071,1572,1907,DE
625,okun,9523,1793,960,1934,5573,1572,NG
626,zipei2020,384,1626,1443,1946,286,1544,CA
627,avinash_07,930,1613,2137,1669,1604,1577,MY
628,raja-hattam,813,1643,367,1592,232,1296,PK
629,joehaddad00,2073,1654,190,1788,2332,1635,LB
630,basurnab,1574,1727,1197,1948,193,1636,IN
631,mawk,3010,1666,610,1725,4580,1392,JM
632,doyouknowwhoiam,925,1724,267,1674,528,1458,IE
633,playnexus,4979,1672,553,1686,5714,1575,EU
634,therealjordan,2438,1671,174,1490,941,1437,AT
635,physics-omegalul,1570,1676,115,1535,1324,1499,UK
636,ausstein,5090,1798,169,1614,202,1704,DE
637,mhmadali123,1576,1786,333,1915,3657,1538,SY
638,papaoliver,3069,1604,257,1813,884,1692,SK
639,jai2radhe,131,1741,511,1758,171,1755,IN
640,tvertankist,4540,1770,4715,1755,653,1364,RU
641,den_kor,973,1664,2837,1883,257,1332,DE
642,elva,2287,1754,2020,1772,1636,1674,IT
643,justintime76,4299,1649,305,1848,6138,1552,NO
644,wangyallama,935,1609,197,1750,493,1393,IN
645,endzone0312,1348,1715,156,1547,682,1630,PH
646,cool1707guy,1408,1726,816,1772,3487,1685,AQ
647,krowsd,1025,1643,236,1520,2047,1415,NG
648,drunkenness,1579,1664,286,1697,13068,1605,DE
649,marcin_2137,1181,1649,1250,1998,583,1164,PL
650,jedimindtrip19696,1777,1781,416,1820,6045,1700,CH
651,yogeshyogu45,776,1734,437,1715,516,1576,IN
652,squirrelderudolf,1295,1672,163,1316,1888,1734,SI
653,death_note_anime,1465,1796,180,2077,1240,1614,AQ
654,slash-g5,1529,1662,127,1776,1057,1310,IN
655,kolanu,4179,1699,848,1928,1866,1384,IN
656,majstertox,6690,1703,213,1767,428,1562,NE
657,flibe,1130,1718,142,1996,1376,1596,US
658,agentjt,689,1622,252,1757,675,1473,AQ
659,cameodemon,5150,1702,602,1719,243,1510,US
660,raghs,517,1631,1081,1541,233,1630,US
661,raghav1909,842,1774,464,1869,214,1636,IN
662,dominik_decoco,6531,1653,1335,1801,6084,1474,PL
663,jend_o,3746,1734,1162,1948,1021,1478,NG
664,efeengin,6986,1746,365,1919,2449,1765,TR
665,h-bombmxpwr,1508,1764,173,1828,1568,1807,US
666,daksh96,126,1734,272,1859,517,1487,IN
667,emejor2003,323,1714,607,1930,267,1669,MA
668,souljatoddler,630,1719,218,1854,2044,1982,TR
669,ilhamfy,14315,1673,121,999,13095,1605,AZ
670,ragnarholm,3818,1724,271,1907,1219,1328,DE
671,eshanchaavaan,1370,1738,243,1541,1993,1610,IN
672,kaan2013522,417,1708,1688,1789,2520,1758,TR
673,playerplanet,461,1678,178,1688,900,1290,FI
674,samurai_sri_lanka,680,1689,102,1632,1236,1526,LK
675,atanu,1956,1798,688,2011,337,1599,BD
676,meto_247,3239,1661,190,1497,349,1223,EG
677,rohitagraw,1326,1755,236,1733,5032,1766,IN
678,melon_man6,549,1689,240,1788,375,1480,US
679,lowlewel,4226,1778,6927,1983,207,1289,AQ
680,dimas_wicaksono,1107,1800,3614,2031,1123,1823,ID
681,minhtri12345,562,1635,610,1836,471,1554,VN
682,bhavikbuddy,1854,1625,145,1765,185,1134,IN
683,mhdylan,1311,1766,175,1824,5646,1600,US
684,arturopt25,1883,1651,263,1935,13299,1462,VE
685,diogo1308,1541,1682,629,1808,4343,1551,NL
686,younesbov2020,763,1616,604,1778,290,1367,TN
687,mokitha123,479,1760,161,2094,267,1519,LK
688,space-time01,922,1701,395,1820,405,1456,BD
689,knasterbart,1372,1724,583,1710,217,1456,DE
690,thirkistan,1419,1653,227,1854,4084,1350,AU
691,nandr,2830,1771,675,1893,960,1734,PH
692,abs1729,1256,1788,201,1812,13050,1487,IN
693,sahknoah,762,1771,149,1506,400,1571,US
694,danonek,2053,1788,299,2012,2213,1725,PL
695,pankajchess123,678,1699,103,1669,203,1675,IN
696,reven29,408,1645,280,1876,342,1569,PH
697,tricky__moves,1252,1777,207,1823,2630,1785,IN
698,shadyaladm,2786,1738,192,1505,4747,1767,SE
699,pivarac,848,1649,800,1847,842,1464,RS
700,thedarkknight72,1154,1711,321,2000,550,1811,US
701,element22b,871,1654,401,1812,194,1283,MN
702,lukethegamer05,444,1733,232,1804,708,1575,IT
703,khaledhaggag,4352,1757,573,1917,1096,1615,EG
704,crookid,7206,1704,1394,1859,1103,1456,US
705,lodrice,1172,1746,2597,1942,3186,1672,DE
706,playtimeforfrank,1198,1681,152,1801,2827,1563,GB
707,loaizlitny,1426,1787,327,1904,594,1553,LY
708,lukef123,707,1673,636,1727,187,1255,UK
709,gajeef,2386,1621,432,1751,2011,1455,ID
710,skepticalchess,1456,1702,213,1867,1924,1638,MA
711,suhana,16056,1790,585,1596,2580,1672,IN
712,raptorreleased,412,1638,125,1808,1051,1396,BD
713,mzaguilar8,2425,1608,919,1652,3146,1393,US
714,jvfernandez2809,626,1785,597,1876,641,1751,RU
715,cdawglawgz,402,1638,270,1711,402,1704,US
716,renskroese,6812,1696,859,1864,1326,1279,NL
717,alif_akmal,340,1735,1059,2032,177,1809,MY
718,satyamsengar,3387,1745,110,1892,175,1594,IN
719,donmuh,2258,1796,292,1743,1858,1806,BE
720,drchainsaw,3819,1757,3036,1818,3351,1572,CA
721,schwartzman1982,3354,1670,3385,1940,1938,1464,AU
722,manumbhat,2923,1759,1053,1884,1273,1540,IN
723,shady_igbaria,1090,1700,407,2009,228,1600,PS
724,zeroman151,1383,1626,561,1720,6928,1628,BE
725,amitdash291,6391,1616,354,1667,815,1113,IN
726,moha369,2453,1686,805,1461,2612,1835,YE
727,varunsahay,6389,1715,614,1809,6064,1805,IN
728,grandwizardmaster,530,1628,881,1915,1372,1658,US
729,sraychaudhury88,3923,1773,2739,1733,999,1546,IN
730,eukvj,893,1760,352,1862,739,1309,IN
731,parsi__8412,1455,1676,393,1788,915,1412,IR
732,ssterminator,1943,1788,1057,1862,1115,1630,IN
733,tarun_22,144,1610,1610,1947,572,1402,IN
734,jamneister,2633,1781,256,1763,2780,1617,UK
735,abscissa24,1017,1787,156,1840,1416,1832,ZA
736,theju21,4559,1716,103,1708,556,1418,IN
737,santanu_borah,1244,1716,336,1902,1417,1433,IN
738,twistedknight,873,1657,198,2028,144,1294,IE
739,tamarovskiy_kirill,1489,1800,374,1837,1104,1658,RU
740,nikkaa,3211,1742,319,1871,2496,1619,GE
741,mazensiufi,1112,1681,606,1909,5493,1562,BE
742,moonbar,586,1771,168,2112,662,1442,AT
743,badchessnewbie101,351,1705,215,1732,392,1631,US
744,gothicskyfer,1951,1683,273,1537,123,1418,RS
745,urcatadog,2130,1783,2486,1873,370,1159,US
746,suhov1,392,1660,556,1647,356,1496,RU
747,krejza,4060,1800,1068,1983,8519,1769,CZ
748,radianratnam,10332,1707,1832,1634,569,1506,IN
749,s0923064,639,1726,375,1798,3078,1689,DE
750,stabilox,1470,1617,257,1684,1789,1290,TR
751,pawnpower564,272,1787,120,1875,318,1590,BE
752,gabrihelf,547,1749,259,1898,894,1466,BR
753,mehootoo,306,1685,215,1641,263,1658,IN
754,kirannayak,1446,1681,522,1887,2703,1517,IN
755,rezaeagle,4088,1797,353,1930,2311,1226,IR
756,jerdajekcze,579,1734,283,1803,3335,1652,CZ
757,vajjala,631,1763,161,1840,453,1348,IN
758,deusmortia,760,1792,132,1828,3994,1784,KP
759,maritim,4550,1744,5705,1752,6355,1669,KE
760,venufork,4164,1674,1532,1944,4348,1635,IN
761,crameras,5328,1671,136,1578,499,1351,CH
762,pogba24,439,1700,184,1715,466,1295,BW
763,vladimir_2011,353,1690,1426,1976,179,1393,RU
764,rakieta2021,228,1684,467,1946,123,1396,PL
765,inrchess,936,1770,130,1787,1486,1825,US
766,vijay58322,1190,1603,204,1648,37731,1609,IN
767,crazyknight98,4570,1782,1632,2006,582,1414,SN
768,blooboss500,550,1739,492,1802,825,1556,US
769,gruttosingel,6756,1687,1477,1779,461,1504,CI
770,ojaschess2,438,1746,181,1935,1257,1770,IN
771,lindawei2002,137,1628,166,1907,147,1320,UK
772,rudrarockstar,453,1728,384,1767,846,1585,IN
773,joshdej,849,1660,576,1435,640,1370,NO
774,pinpunch,1714,1707,512,2082,140,1562,CA
775,mossythemuse,2651,1792,260,1889,2635,1729,US
776,garrettkennedy,650,1721,172,1825,9651,1546,IE
777,andryusha11,328,1637,278,1642,169,1687,RU
778,pacybits,1012,1766,198,1608,1061,1650,GR
779,harounical,600,1656,337,1723,1357,1521,EG
780,cjedman9,1232,1778,2433,2000,1232,1657,US
781,zivanovic_srb,467,1617,160,1624,24001,1973,RS
782,thirstyking,1313,1758,102,1828,1072,1519,IN
783,frixxx,225,1787,1551,1995,1657,2009,GR
784,babu1998,1808,1622,909,1628,300,1194,IN
785,tajchessok1,3822,1727,988,1932,638,1626,US
786,evi1bryan,3323,1707,540,1671,2782,1516,US
787,chesskinglou,4503,1733,314,1876,4016,1596,US
788,areen201024,897,1621,194,1751,270,1541,IN
789,blackmadking,11052,1769,274,1951,119,1519,GB
790,dehanzero,1095,1641,128,1587,6109,1594,ZA
791,dakshin012,633,1691,1265,1826,998,1649,IN
792,luzian23,407,1780,624,2190,103,1583,IN
793,kishore_naidoo,1036,1687,158,1728,818,1680,IN
794,arena540,417,1707,456,1633,956,1669,IR
795,gmnurlintang,3380,1711,1597,1836,2223,1534,ID
796,marislatvia1,539,1676,285,1811,228,1618,LV
797,shaktiman1,6871,1656,936,1658,1967,1548,IN
798,mrsoni67,2218,1720,963,1869,1015,1549,IN
799,entruck0,1491,1601,1519,1766,782,1415,DE
800,tanveer1234567890,2919,1726,1116,1931,815,1517,AU
801,wizardxx7,4556,1722,1230,2037,476,1652,NL
802,kundedavid,2243,1729,619,1964,815,1710,NG
803,cos_ryuzaki,1087,1746,212,1904,764,1752,BY
804,hamzahk,627,1636,147,1718,1765,1444,MA
805,rstimung,2308,1703,502,1837,665,1356,IN
806,rishabhjain2006,3697,1708,3132,1774,274,1279,IN
807,hughb,1946,1796,439,1986,1148,1760,IE
808,benrabia11,3144,1717,1022,1729,234,1432,TN
809,racballwillie,2217,1671,521,1684,1504,1431,US
810,trumanharper,3407,1647,322,1603,1154,1575,US
811,mielnik,2063,1666,626,1791,348,1452,PL
812,barbarian_legion,11952,1708,1885,1943,4701,1578,DE
813,alentizyanedmond2011,631,1625,356,1675,892,1479,AM
814,felixkuang,375,1603,970,1618,289,1571,GB
815,crazysharkyy,205,1729,197,1733,495,1773,CA
816,syluxx,2324,1614,173,1840,964,1512,DE
817,elshanr,756,1612,169,1790,1210,1536,IR
818,shoobumverma,1281,1639,2414,1850,1083,1603,IT
819,saggi_mcguy,3048,1707,2089,1745,1729,1456,GD
820,sibinpaul98,568,1783,433,1882,1707,1608,IN
821,faustx,1921,1764,313,1724,933,1540,JO
822,kruno11,766,1619,752,1707,278,1309,HR
823,shayanshayan,1495,1763,1158,1811,1247,1679,IR
824,max_grinstein,1677,1747,1095,1746,2090,1687,GS
825,edgarsaint,1212,1611,5978,1949,249,1164,HU
826,henning69,3211,1940,832,1976,3835,1858,ZA
827,klchong,1896,1991,1013,2221,166,1627,MY
828,dm2019,1015,1915,257,2065,660,1876,US
829,potato_farm,2662,1802,257,1856,821,1669,SY
830,rishik123,1821,1902,211,1959,1052,1816,IN
831,aavi2202142510,367,1936,1224,2164,102,1817,IN
832,m00m00,2580,1806,161,1862,3236,1698,CH
833,polo0001,3629,1826,1634,2027,1185,1736,CL
834,noahngoma807,525,1978,587,2207,1192,1967,ZM
835,vishaalkumar_01,1241,2000,128,1969,2545,2002,IN
836,goodness13,1221,1810,171,1792,692,1461,US
837,rms13,475,1848,188,1556,1627,1834,IN
838,mohamed_nouman,1349,1812,568,1935,232,1369,EG
839,rohank_raju,1209,1847,295,1882,1168,1828,IN
840,atharva05112007,2639,1872,324,1790,1802,1800,BH
841,dubiousduke,1660,1856,246,2018,138,1483,IN
842,felipeb78,6119,1981,861,2033,2206,1613,BR
843,rajaswagle,2822,1906,346,2013,1920,1903,IN
844,piqin729,6946,1942,521,2041,4027,1606,MY
845,ntobeng,2264,1901,113,1746,4634,1827,ZA
846,australopigreco,8882,1940,219,1885,1874,1689,IT
847,maker03,2127,1827,550,1956,342,1506,DE
848,mouseeatlasagna,5235,1829,899,2112,4089,1710,CA
849,shivayamanoj,3097,1825,660,1959,761,1494,IN
850,amansingh142,2483,1826,337,1939,2210,1824,IN
851,indigenoustal,2055,1908,197,1812,18276,1868,IN
852,blazingphoenix_08,1711,1907,110,2059,1404,1912,GB
853,krutarth15362622,1717,1953,445,1983,616,1715,IN
854,cam5556,1464,1848,135,1922,583,1601,MX
855,imtoori,7861,1827,1641,1928,1337,1558,IT
856,bolkdaniel,482,1812,627,1842,238,1426,IL
857,momdal123,4232,1974,493,1997,1508,1854,IN
858,dam1en,2396,1830,154,2013,714,1680,DE
859,dimitris_masikas,790,1966,104,2111,2473,2024,GR
860,redemptionarc,333,1947,126,2349,595,1639,PE
861,zenone,8048,1976,3563,2061,5227,1938,IT
862,good-40-percent,1183,1806,477,2004,1428,1903,PL
863,jonathanace0126,13327,1864,1588,2033,2126,1687,DE
864,prof81,9067,1906,550,1803,12081,1819,IR
865,s_menelaos,2246,1804,269,1955,414,1627,GR
866,vistet,580,1983,1152,2017,545,1847,UA
867,mathew_royalking,1202,1968,1156,2192,693,1826,JM
868,surprise_kenny,415,1948,528,2292,128,1564,ZA
869,corleyq,1056,1801,152,1900,1369,1612,RU
870,goozack,532,1952,495,1933,1878,1929,US
871,postmannen,2221,1980,947,2111,1388,1781,NO
872,aniket_bansal,1085,1833,261,1882,775,1854,IN
873,darlington_besa,397,1967,148,2213,251,1793,ZM
874,e4e5megatron,5819,1871,256,2002,948,1552,IN
875,dejen_dsc,1451,1877,204,1933,555,1706,NL
876,charlie_oc,596,1908,223,1839,4646,1893,IE
877,philippfalke,2840,1990,781,2151,1947,1850,DE
878,michelemancin,519,1961,349,2033,396,1628,IT
879,pan_wydupiec,1606,1840,1355,2018,1011,1675,PL
880,irakli1109,1682,1880,736,1900,1046,1744,GE
881,osval86,4695,1814,2997,2000,365,1610,CU
882,kpg2012,530,1869,135,1891,2166,2029,GR
883,abd0,2641,1880,1380,1761,64312,1649,TR
884,mayank_ba_ba,1057,1840,324,2018,1034,1812,IN
885,e1tronics,1522,1850,1433,2006,8636,1722,IN
886,stoe,1817,1986,887,2174,833,1648,DE
887,clasj1032,698,1830,524,2019,384,1767,IN
888,shiv2001,4236,2000,813,2202,5122,2051,IN
889,triplemstudioz,1641,1951,127,1864,1068,1907,US
890,sertdemir96,1731,1863,155,1901,7782,1674,TR
891,stevesmith,2269,1865,292,1928,1446,1595,IN
892,manasghiya,562,1940,175,1870,118,1575,IN
893,dhruva_2007,678,1990,126,2216,440,1721,IN
894,newbreeze,738,1850,577,1929,9267,1835,US
895,vedrantriprsta,4100,1930,1005,1752,2987,1842,HR
896,poisonousknight,521,1806,1093,2072,312,1781,VN
897,arielo94,14912,1820,398,1806,5306,1609,CL
898,younes_10,7342,1840,478,1773,363,1619,MA
899,rodrigompsimoes,2926,1811,151,2036,1521,1464,PT
900,evysezosu,2479,1924,1269,2095,751,1538,US
901,jungpionier,1844,1974,189,2001,10032,1746,DE
902,cvalko,7282,1985,123,1944,2097,1962,SK
903,pantheryens,2279,1860,203,1964,3351,1942,IN
904,vihan0026,336,1863,111,2093,3292,1626,IN
905,chessmonster1000,1596,1803,184,1945,1116,1701,US
906,leolindgren,1816,1887,266,1829,211,1619,SE
907,wirerabbit,10728,1949,260,1823,878,1376,US
908,killspree101,3954,1805,690,1768,3512,1763,ZA
909,tarunvishal,1453,1819,107,1832,455,1766,IN
910,velvetthunder03,1623,1946,521,2025,3679,1777,IN
911,lobsterbrain,1085,1902,281,2014,748,1620,DE
912,moletsanerd,4364,1961,204,1579,20646,1832,ZA
913,has5san,3231,1880,4846,2075,1120,1797,EG
914,stratos21,830,1811,179,1961,524,1547,GR
915,haris6776,2378,1929,300,2012,3050,1909,GR
916,iamtheone2006,1583,1921,332,1900,953,1904,NO
917,peripro100_2,223,1804,934,2052,739,1773,KP
918,canadiansyrup,303,1808,167,2028,805,1836,CA
919,minyman17,1518,1977,602,2151,2259,2000,US
920,serwilk,520,1832,879,2032,5276,2007,PL
921,darionunz,4563,1917,873,2137,10432,1973,IT
922,zongwangmima,396,1979,1338,1965,379,1823,CA
923,bhal17,916,1889,111,1893,674,1958,PH
924,giga2025,1760,1864,2191,2088,743,1506,BR
925,ahmednasserelsabbahy,976,1863,170,1913,1613,1679,EG
926,rezababnadi,2201,1873,1046,1622,3164,1569,CA
927,iamsohappy31,1370,1949,268,1972,523,1799,IN
928,eranda,1073,1950,128,1663,972,1814,MK
929,darknight143,2419,1860,3077,1923,4677,1626,IN
930,wizwhys,3801,1991,786,2120,1987,1904,GR
931,masterzerok,1071,1807,1132,1810,292,1588,HR
932,jion-ghosh,576,1857,534,1922,673,1803,IN
933,ramadansteve,1748,1803,504,1957,823,1542,US
934,irfanrizal,1110,1851,194,2035,1834,1810,MY
935,doubleg83,816,1856,356,1992,9452,1689,AL
936,freeguy,7447,1905,1031,1975,3009,1376,GH
937,angelitz,3338,1919,646,1762,170,1566,PH
938,gio94,3017,1862,209,1521,5682,1802,GR
939,amarbara2,2261,1949,1185,2031,2564,1962,SY
940,mohit99,3505,1964,1242,2135,1731,1836,IN
941,meh3998,1322,1847,436,1797,6683,1762,MA
942,shadrackayabei_26,4861,1963,551,2081,1000,1724,KE
943,nlavrukhin,10357,1864,1766,1963,5760,2005,RU
944,lordjoshtheterrible,1399,1885,1562,2135,108,1536,UG
945,bigblunderguy,1306,1846,657,1856,961,1651,US
946,thabisomackz2808,568,1809,146,1725,645,1809,ZA
947,shreyashrocks,2094,1996,6835,2143,1340,2002,IN
948,falloftroy,2177,1847,482,1922,4799,1894,EC
949,scotty770,2428,1912,770,2003,2168,1832,IE
950,oxalate,550,1990,1441,2113,4225,1794,IN
951,gstallion8,384,1904,473,2188,12465,1658,CH
952,drow23,1518,1902,250,1815,1679,1600,NG
953,skhietzing,1893,1898,1871,2115,134,1688,AT
954,odogburns,518,1881,111,1792,4184,1855,US
955,anshr,3111,1941,210,2042,638,1755,IN
956,mrbrodyk,2509,1902,431,1888,530,1809,EU
957,fahimshahrear,7477,1804,126,1654,1694,1586,BD
958,arnavpathak,1741,1802,599,1876,1469,1710,IN
959,sh-mishkat,5199,1952,461,2069,1905,1813,BD
960,neeilor,1566,1828,136,1905,2925,1748,BR
961,jordanz,1576,1861,205,1860,564,1403,GR
962,chess-zijian,415,1975,335,2035,845,1753,MY
963,kahaan,758,1880,449,2135,287,1829,IN
964,pawn_grabb3r,8648,1995,458,1949,1207,1899,LV
965,thomayo,2972,1868,136,2007,1124,1716,AQ
966,lmplacable57,12517,1928,1525,2157,10024,1779,MX
967,haytham123,2247,1997,608,2134,3331,1761,EG
968,shadabkhan,5365,1877,387,1838,7876,1646,IN
969,themrnobody,12934,1891,1373,1886,749,1844,PL
970,london_dragon,5411,1987,451,2068,929,1913,NG
971,briskcheetah,746,1921,669,2018,450,1752,IN
972,egydoc91,12138,1979,3158,2151,1339,1732,EG
973,phundulu,3040,1842,348,1854,3140,1712,ZA
974,hagenhenke80,5480,1908,5970,2006,552,1667,DE
975,lguoterry,5903,1938,1894,1937,1160,1569,US
976,pasinduakash2006,538,1845,144,2052,470,1611,LK
977,filthy-krankk,5435,1854,117,1972,7601,1811,HR
978,ovidiojosebianquet,6500,1901,671,1946,7948,1801,PL
979,narendraa,2226,1922,255,2089,354,1829,IN
980,tejasnk,1510,1956,346,1905,190,1668,IN
981,neshas,12367,1903,668,2134,2697,1774,RS
982,aheldar,4512,1971,327,1909,3117,1923,RU
983,shmelt,2494,1949,435,2093,1544,1810,US
984,sa4567izback,307,1920,225,1886,963,1983,US
985,ostepop,7830,1977,1041,2078,700,1595,NO
986,jaimeclpe,1473,1868,153,1886,1405,1758,PE
987,joaquinromero,6246,1836,380,1831,307,1502,AR
988,x6x-speed_n_cool-x9x,413,1936,577,2050,536,1891,US
989,sohomsaumeep,2874,1879,576,1893,7524,1939,BD
990,sahakaraliene,981,1870,549,2052,272,1674,LV
991,joshua8,4584,1995,231,1941,2610,1850,CA
992,unequalpuma,1040,1974,349,2060,1742,1700,US
993,tombald,1250,1865,398,1826,274,1600,FR
994,arianfarahbakhsh,878,1976,7124,2229,228,1691,IR
995,niklasengel02,2027,1942,2190,2137,7807,2061,DE
996,arikes,6084,1824,774,1827,840,1857,HU
997,ataqan156,3367,1984,287,1787,2394,1971,TR
998,tirthajyoti,1514,1922,324,1919,2658,1900,IN
999,m_shah2405,2089,1991,251,2059,376,1702,CA
1000,mostafamwb,5810,1974,748,2025,644,1641,EG
1001,broniua,1770,1912,305,2107,3192,1516,LT
1002,edetede,2356,1952,5730,2203,9365,1891,NZ
1003,d_jay,4909,1887,559,2202,4701,1943,IN
1004,cholalex,3335,1949,141,2002,413,1508,UG
1005,weezz,9296,1867,1818,2020,3099,1656,NL
1006,yefrezer,1944,1936,175,2272,226,1579,ET
1007,hamse,2854,1856,446,1682,8380,1459,NO
1008,kasiv212,1456,1838,538,2009,2067,1737,IN
1009,jovan2019,3643,1981,1342,2012,7084,1794,RS
1010,rramariano,1341,1845,178,1711,321,1808,PH
1011,wisadam,4483,1886,146,1962,165,1629,PL
1012,the-apothecary01,629,1818,204,2012,1350,1877,JO
1013,tafari7,19304,1928,190,1907,22788,1665,MQ
1014,deadbox,362,1860,180,1930,120,1843,AZ
1015,nakul_thourani,284,1859,191,1994,815,1848,IN
1016,arvind112,3039,1903,371,1845,11127,1801,IN
1017,rotpunkt,2588,1935,399,1893,1157,1659,DE
1018,ariyanpine,1682,1967,406,1871,8823,2090,BD
1019,pj_india,890,1850,807,1889,1502,1802,IN
1020,cool_pt,406,1911,163,1772,1220,1902,IN
1021,glevinp,3149,1993,2609,2173,3645,1847,IN
1022,jayson-delmundo,854,1889,193,1911,116,1824,PH
1023,sid_mahesh_2019,211,1809,106,1623,151,1572,US
1024,zetrek,169,1814,122,1864,197,1846,TR
1025,sicnotus,518,1906,232,1848,787,1851,HR
1026,arkadyas,3284,1874,1185,1853,3914,1903,RU
1027,react-js,3726,1860,114,2006,1990,1902,HR
1028,aggrogambit,903,1909,961,2093,148,1738,DE
1029,steeriolp,2889,1842,2261,2021,1367,1754,IN
1030,andera,3688,1850,961,1938,1248,1667,KE
1031,passionate_player,955,1892,384,1821,395,1712,IN
1032,mu7ammed7,1648,1842,382,1909,1640,1611,RU
1033,sambayyurt,1086,1893,314,2051,12216,1856,FR
1034,excellceeeorrr,7571,1801,1306,1879,16590,1932,US
1035,markneg,2210,1947,205,1755,10266,1805,US
1036,drimczejser,1699,1964,296,2003,233,1940,AT
1037,jadooo,9532,1936,2202,2172,916,1767,LB
1038,animesh264,2009,1835,125,1909,3615,1792,IN
1039,eliasvdbrelie,4069,1878,276,2048,791,1601,DE
1040,eduandeswardt,1502,1900,398,2054,102,1785,ZA
1041,nellurisunjeevan,4332,1958,350,1977,2549,1901,IN
1042,mo_alshaarawy,1988,1823,730,1976,19286,1681,EG
1043,knightslasher2020,603,1937,1016,2100,156,1698,GB
1044,jentuva,2559,1940,1132,2037,1256,1735,EG
1045,morasa75,4658,1898,350,1994,910,1610,US
1046,shlomoooo,366,1873,133,2012,373,1850,US
1047,zakariaquatfaoui,10236,1905,1578,1983,515,1606,MA
1048,drmike27,11089,1825,443,1716,3886,1582,US
1049,sathwik_12_48,701,1965,254,2026,114,1818,IN
1050,formerreputation,1831,1887,1255,1821,2694,1903,JP
1051,rudra1002,958,1879,252,1862,1387,1806,IN
1052,otalkk,1299,1870,5763,2056,3332,1696,CH
1053,shashankchess,9684,1860,848,1945,4109,1765,IN
1054,kluski777,5740,1951,490,1964,1732,1888,RU
1055,teacdr,1484,1949,336,2041,1294,1958,HR
1056,calebthor,5593,1897,530,1920,4564,1705,UK
1057,golleo,8196,1867,118,1912,2423,1744,RU
1058,omarmaklad,2643,1915,304,1940,1423,1922,EG
1059,bakinikoljaci,1695,1974,3083,2174,1897,1938,BA
1060,gyand,3803,1939,578,1986,592,1874,BE
1061,powerxwisdom,2183,1930,1756,2097,996,1665,SK
1062,dipanahuk96,1405,1806,295,1745,12331,1835,IN
1063,mjs8,6902,1946,389,1885,18241,2058,LI
1064,aslant8,1085,1843,251,1933,16662,1910,IS
1065,gtsimos,3542,1809,330,1939,4556,1655,US
1066,bang_bang_rox,993,2000,1112,2103,518,1872,IN
1067,mysimon22,778,1801,169,2004,873,1335,IT
1068,michiel13,3014,1891,796,2066,1466,1628,NL
1069,happybulletnoob,616,1871,1171,2092,1924,1617,CH
1070,santosh5,1496,1832,280,2015,4531,1915,IN
1071,terrormt,714,1907,7797,2114,353,1817,US
1072,adr3n4lyn,1133,1822,189,1923,507,1841,PL
1073,gaka2003,751,1803,330,1955,1401,1662,BR
1074,gjant,3071,2000,1118,2094,810,1906,AT
1075,sicilian_offence,1887,1874,674,2051,967,1818,GB
1076,smellhead,3479,2135,545,2247,11567,2221,IE
1077,simastark,14389,2158,1144,2121,9619,1927,ET
1078,goncalinho,3322,2038,257,2052,1901,1994,PT
1079,mukza,2449,2047,115,2071,4282,2166,ZA
1080,aksoan,1830,2051,118,1978,1557,1840,IN
1081,jasoncym,4207,2100,240,2063,397,1874,AU
1082,darshanrocker,5261,2021,2503,1958,646,1388,IN
1083,palm_balm,187,2143,153,2333,200,2165,US
1084,l2020202020,24972,2028,347,2013,2676,1984,FR
1085,tvelichkov,3792,2013,352,1947,10316,1914,BG
1086,maximalpawnage,1935,2041,329,2069,646,1769,NL
1087,rashman025,19633,2079,1990,2230,6676,1845,NG
1088,chesswiz123,1051,2123,237,2139,272,2141,IN
1089,prithvirajprajeesh,701,2139,543,1949,1508,2123,BH
1090,sani123,1058,2016,136,2097,1494,2153,IN
1091,ayaanspalappillil,2208,2052,1042,2070,2281,2004,IN
1092,lokeshwara,1099,2100,144,2154,4243,2014,IN
1093,pavlakic,3921,2137,432,2105,4832,2000,RS
1094,sirtetris,1789,2102,157,2058,1034,1984,US
1095,protez,6685,2136,755,2004,1152,1996,MD
1096,ravehamz,1765,2159,362,2269,690,2039,UK
1097,sanhari200,5345,2196,735,2363,2852,1887,IN
1098,nezhmetdinov_reborn,4669,2036,107,2114,692,1813,HR
1099,kush100,1268,2024,494,1969,237,1773,IN
1100,mrtsima1908,1553,2084,248,2205,4640,2115,GE
1101,blad1025,1772,2140,180,2088,633,1881,PH
1102,crissaegrim,11197,2176,134,2042,3556,2068,GB
1103,chessrobort,467,2105,171,2116,475,2000,US
1104,faisal1502,31412,2021,879,1905,932,1820,IN
1105,checkmateyeet,1491,2143,369,2032,9724,2213,US
1106,femp49,4106,2153,218,2301,6660,2313,DE
1107,ask1693,7171,2155,804,2202,4889,2065,BE
1108,giovannipaoloii,4141,2155,1922,2200,4505,2103,IT
1109,raebee4,2871,2167,180,2203,6454,2065,JM
1110,andrejkok,4414,2134,1360,2229,3100,2050,SK
1111,ab_lk,4487,2177,1609,2306,2494,2110,AQ
1112,yugi2010,3389,2083,591,2225,1712,1926,IN
1113,blackreaperprime,3423,2004,506,2000,18157,1920,IN
1114,sssomra,1961,2011,707,1962,2460,1729,IN
1115,magwe,6241,2119,162,2045,2903,1905,MW
1116,sasha-2012,938,2079,2981,2089,521,1862,RU
1117,ahart,5337,2026,4117,2235,3117,1893,IN
1118,alirezagholipour,6458,2082,670,1964,794,1970,IR
1119,abracombra,5786,2019,960,2204,774,1650,NG
1120,ojay_jonathan,9104,2169,578,2219,436,1773,KE
1121,micnow21,8987,2038,219,1892,257,1887,PL
1122,kazibek2002,854,2126,308,2225,40652,2152,KZ
1123,chiazor,4345,2103,340,1969,4179,1884,NG
1124,stanislao420,6390,2001,552,1899,2111,1901,AT
1125,mgidb,3059,2191,497,2192,5316,2294,NR
1126,julantkal,3248,2093,125,2025,1376,1927,CZ
1127,trmittal24,8573,2139,972,2080,6578,2132,IN
1128,kilohzangief,3075,2022,113,2042,347,1849,BW
1129,mdeka,2696,2092,116,2078,498,1966,IN
1130,tomado,8296,2152,428,2132,1877,1908,FR
1131,mr_me_too,6402,2129,894,2152,5428,1850,ZA
1132,ninjapanda23,1503,2168,334,2219,110,1969,US
1133,rishabh11great,1106,2002,290,2108,1391,1913,IN
1134,vanja2011,2983,2078,531,2022,909,1775,RU
1135,liandroferrer,1441,2141,1254,2359,841,2210,PH
1136,andlind,2716,2014,1180,2141,901,1738,US
1137,abhiram01,2368,2027,647,2089,456,1903,IN
1138,rushil123123,1689,2010,144,2247,225,1893,IN
1139,juan_264,3764,2117,269,2150,1642,2120,AR
1140,madnessonboard,6939,2090,224,2035,3114,1759,IN
1141,davidduran,5159,2022,285,1819,655,1905,ES
1142,kic1102,1470,2115,301,1982,3794,2005,ZA
1143,thechessplayer21,1895,2020,409,2156,2981,2202,UK
1144,ienjoysomechess,3573,2016,137,2061,2914,1869,FI
1145,suresh_123,1733,2006,977,2108,1228,1786,IN
1146,gataximo,1631,2119,176,2006,1386,2120,PL
1147,zoran86,16292,2047,2062,2107,2975,1907,MK
1148,nitul_deori,4897,2005,651,2000,2391,1898,IN
1149,williamschill,381,2127,355,2161,603,2129,US
1150,reon_me,8369,2177,457,2007,3740,1917,CN
1151,kingvard99,2545,2047,121,2048,5411,1885,NO
1152,dia_feliz,1005,2003,1299,2000,382,1719,AR
1153,chessmasterbg2000,1214,2114,241,2201,334,1913,BG
1154,guru_2804,2875,2169,115,2338,8415,2270,IN
1155,shewquette,2286,2048,2019,2264,1709,1826,TR
1156,rishisingh17,3755,2168,180,2043,366,1990,IN
1157,greedypig,1242,2153,126,2229,2025,2236,AU
1158,firerook,4814,2118,103,2095,20170,2119,CA
1159,jairusja,4260,2113,899,2086,16512,2000,IN
1160,patamia,1905,2123,336,2047,5818,2104,GH
1161,ozgurseb,3172,2062,622,2105,1524,1963,CY
1162,ademola,4556,2110,2458,2332,8304,2193,NG
1163,tempocheck,608,2031,415,2140,1968,1922,PH
1164,monkeyflush,13122,2087,1405,2188,28507,1897,US
1165,balorberserk,14411,2002,784,2153,3452,1757,NG
1166,variantbunny,1175,2039,546,2135,776,1996,TW
1167,stonewall-master,342,2027,278,2005,1013,2200,PL
1168,ryanthegreatest,3879,2107,199,1737,3206,2036,US
1169,slackwyrm,2424,2162,5153,2347,178,1880,DE
1170,exscelsior,10887,2105,184,2144,27163,1978,IT
1171,moni_t,1225,2083,1615,2266,1060,2000,BG
1172,si_galegale,806,2163,630,2333,161,1846,ID
1173,noahjoon,802,2036,222,2000,1409,2054,US
1174,peter66533,2475,2113,235,2195,3070,2021,PL
1175,atharvkumbhejkar,2062,2021,205,2120,280,1766,IN
1176,shady603,3740,2103,607,2093,6914,1946,IN
1177,glasgow_chess,537,2117,437,2214,1846,2122,GB
1178,seismik,4880,2041,374,2076,6047,1881,DE
1179,aidas08,4126,2017,2448,2139,2000,1869,NO
1180,jakada,3017,2003,1061,1925,3044,1900,NG
1181,uttaran12,1458,2132,108,2218,3110,2080,IN
1182,millz116,7688,2161,832,2302,4410,1765,NG
1183,timian_mms,963,2100,270,2224,1515,2057,NO
1184,ainzooal,1521,2009,533,1970,892,1737,PH
1185,gamer_08,1582,2112,767,1904,1217,2006,IN
1186,akaa19,10695,2121,181,2060,3545,1962,BA
1187,netognos,3137,2140,896,2130,3724,1907,BE
1188,einsteinabel,506,2036,109,2169,518,1872,US
1189,drboomkestien,4016,2143,1072,2380,2856,2079,IN
1190,maximusdecim,1203,2011,248,2093,3702,1793,JM
1191,mariosvrailas,386,2032,280,2248,212,1901,GR
1192,rvgupta1996,3759,2080,1534,1969,981,1905,IN
1193,silash,4557,2104,200,2044,4761,2203,FO
1194,m_atallah,1982,2102,221,2012,6682,2101,EG
1195,checker525,3914,2025,835,2133,2061,1822,DE
1196,bhanu01,4265,2001,678,2094,5112,1816,IN
1197,chunmaya,1910,2055,106,2126,4609,1969,AU
1198,astimegoesby64,1668,2123,238,2137,4088,2043,DE
1199,grky39,1379,2002,2187,2001,1763,2104,AQ
1200,mrjura,3595,2138,1686,2219,1013,1901,CZ
1201,hankthetank,2627,2145,826,2223,130,1797,RO
1202,abdul83,4049,2041,283,2268,10094,2076,AQ
1203,dylanlikescake,7713,2004,762,2108,1556,1875,MY
1204,armelend,4112,2098,179,2187,372,1920,SV
1205,shakkivemmu,1198,2004,943,2143,242,1815,FI
1206,hash11011,10951,2066,1270,2128,1915,1890,EG
1207,sadashivabhramendra,6873,2054,2634,2003,9553,2267,KP
1208,rathodsachin,1949,2014,205,2229,118,1886,IN
1209,aligole123,4755,2038,295,1902,881,1800,IR
1210,jonesgill,1043,2070,1452,2262,292,1831,CA
1211,holdys,2859,2004,923,2052,6973,1940,CZ
1212,raghul292,2165,2083,106,2123,1806,1759,IN
1213,ab17,7662,2107,2301,2204,2691,1873,IN
1214,dominusbelli0905,889,2049,145,2006,978,2052,US
1215,tal909,3385,2003,212,1817,8258,1882,PK
1216,devduttbinuccs,453,2123,753,2155,102,1907,IN
1217,elcwai,3894,2025,261,2168,123,1739,MY
1218,frudi,3451,2100,559,2240,8652,2106,GR
1219,sepjo,2603,2066,926,2021,7528,1705,PH
1220,roblov68,1326,2151,226,2194,12137,2079,ES
1221,aloshak,9771,2047,1014,1915,1693,1689,SY
1222,honestdeathdealer,878,2041,175,2166,862,1891,AU
1223,maverick2205,2467,2077,168,2012,25669,2090,IN
1224,prince_adetola,23195,2100,657,2022,820,1906,NG
1225,zelenizub1,2058,2002,340,2115,5050,2100,RS
1226,speedpro365,492,2087,1252,2107,597,1994,US
1227,drunken_monkey15,16915,2042,1673,2054,1868,1806,IN
1228,i_am_shakthi,936,2024,105,2243,1337,1874,IN
1229,arsenarshakyan,6024,2183,143,1854,3125,2261,AM
1230,nahid958,20502,2111,987,2125,11860,2058,BD
1231,dakshgoyal27062008,865,2031,156,2105,535,2066,IN
1232,tommyron,1951,2025,312,1853,14647,2028,UK
1233,mikichess6,15707,2183,2768,2185,3454,1801,IT
1234,ellycheru,10672,2125,1162,2203,3578,1905,KE
1235,ladjischoolchess,12836,2074,1416,2058,14772,1822,IN
1236,shakki987,3209,2023,1262,2203,1828,2000,FI
1237,pawnchaser,2218,2012,113,1907,9041,1854,US
1238,jpchessman,2664,2099,507,2126,461,2053,US
1239,hangingchad,16536,2083,112,2243,7345,2025,US
1240,atracador,1460,2015,112,1851,1247,1782,ES
1241,chesslif3,2111,2033,580,1926,3409,1949,GR
1242,yeetje2006,3340,2085,413,2133,1346,2004,BE
1243,kipngongi,3918,2012,922,2013,11984,2006,KE
1244,thr3-003,1913,2072,160,2226,1302,1958,ZM
1245,superfisch98,2027,2032,1011,2136,5636,2047,DE
1246,sir_voncarl,2246,2052,221,2110,5805,2210,PH
1247,chesskidzach,572,2073,306,2300,860,1985,US
1248,drhari,3281,2001,787,2203,3366,1807,IN
1249,ivangamingbg,1476,2013,195,2089,1483,1781,BG
1250,hs_ghosh,850,2015,232,1939,587,1903,IN
1251,stivlaginyaripacar,194,2050,264,1988,131,1927,ID
1252,jay_1999,1984,2147,314,2197,232,1872,IN
1253,gg303,8833,2154,656,2268,4275,1850,DZ
1254,usama2020,5002,2103,745,2306,1106,2005,EG
1255,chessfanserom,5895,2024,452,2119,10723,2104,CA
1256,m4th15fun,557,2093,284,2094,207,2197,US
1257,m324453,603,2137,122,2072,660,2147,RU
1258,rishy27,6441,2004,1873,2007,795,1589,IN
1259,sreerag12,4535,2094,773,2133,3993,2097,IN
1260,nabeh_sami,1634,2010,169,2164,8189,2173,EG
1261,kflo725,7781,2048,694,2081,8002,1764,US
1262,timme,6407,2114,442,2131,4029,2103,NG
1263,yassineb52,1685,2055,1080,2065,4472,1791,MA
1264,radiohead7,1859,2102,198,2204,4830,1948,GR
1265,younameit,3757,2006,1344,2178,11519,1957,AU
1266,iamagadfann,2381,2089,631,2012,2576,2003,ZA
1267,therealkd2,2797,2048,852,2207,2729,1920,UK
1268,ali_1983,6756,2012,1026,2050,7360,1658,EG
1269,silverchessplays,430,2078,2121,2374,342,1945,US
1270,schanchen,1178,2086,517,2142,282,1770,DE
1271,sajib10001500,4031,2184,388,2218,2806,2202,BD
1272,gambitguru1610,2643,2119,799,2104,1645,2222,UK
1273,duckling234,2057,2158,388,2187,3005,2374,IN
1274,h1910,739,2097,549,2248,3158,2132,US
1275,eaglebirdeye,12672,2054,1942,2196,458,1933,PL
1276,backwardpawns,5249,2093,262,2100,2508,2051,ID
1277,gometius238,2029,2049,224,1998,20994,1957,IT
1278,julianmartinez,3001,2019,2376,2083,1873,1998,AR
1279,leonidas74,2598,2007,303,2084,1786,1785,DE
1280,the_blunderist,18804,2122,325,2018,13058,1973,ZA
1281,odane64,2287,2182,181,2006,5479,2215,JM
1282,tsopemat,1682,2136,1390,2139,3366,1958,GR
1283,sureka_akshat,1435,2053,1112,2187,898,1936,IN
1284,senzomsimango,3215,2100,298,2268,8822,2000,ZA
1285,napoleon5kandy,2816,2038,134,2108,1113,2029,LK
1286,radhu,2451,2166,694,2196,1378,2005,IN
1287,nonameatall,2535,2004,180,2007,2196,2002,VN
1288,lupo_lucio,4021,2016,351,2040,2958,1886,IT
1289,patwishdatfish1,3392,2005,268,2146,833,1897,AU
1290,aiidolfo_18_qc,790,2127,491,2189,207,2036,PH
1291,alexzpua,568,2031,198,2245,209,1667,UA
1292,gmaster007,5468,2025,2462,2012,6991,1942,CA
1293,mithylesh685,1756,2177,190,2072,1560,2043,IN
1294,tharulg,551,2049,160,1949,996,2100,LK
1295,machachad,2667,2054,187,2208,4784,2031,ZA
1296,remos_edm,5088,2103,248,2000,696,1941,US
1297,faim9,6071,2058,523,2071,2281,1971,PT
1298,gerrybuckley1977,5489,2083,339,2152,193,1904,IE
1299,saisrivardhan,1549,2071,877,2098,1481,2139,IN
1300,bmoney_o,2808,2170,413,2204,9922,2119,US
1301,boera3689,8685,2180,1452,2254,6588,2015,AQ
1302,rousseau12,11665,2195,6573,2458,906,1845,DE
1303,don_musty16,4405,2082,129,1872,10948,1977,NG
1304,pegasus31,2654,2009,507,1977,4513,2025,CH
1305,raj26000,4968,2168,560,2028,5310,2125,IN
1306,devagarwal,5176,2054,246,2050,5072,1986,IN
1307,buddy_sb,2704,2037,197,1956,4889,1852,ZA
1308,banfield,39463,2006,103,1754,1076,1594,AR
1309,lucastheking06,1638,2082,398,2081,688,1935,GR
1310,birdy5205,2267,2002,2046,2118,2936,1792,DE
1311,aliminium,1654,2003,535,2007,994,1872,TR
1312,pragyanshu12345,2444,2102,394,2204,3115,2001,IN
1313,drich_milan,2763,2032,393,2160,2017,1870,PH
1314,kykskak,2520,2171,297,2198,2652,2245,DK
1315,faae,2683,2132,248,2199,9250,2127,CH
1316,werderfan,4727,2025,1544,2028,694,1748,DE
1317,danil_mochalov,955,2007,880,2326,182,1840,RU
1318,mireslash,18823,2029,1158,2044,3468,1952,MX
1319,abdesamia,3018,2001,2957,2141,1152,1756,DZ
1320,elenanito,4742,2046,2577,2179,3019,1969,JP
1321,signature987,2162,2162,183,2177,3120,1889,IN
1322,khoveto_vero,10572,2179,949,2313,7439,2123,IN
1323,alankthomas1234,1478,2011,198,2146,2671,1950,IN
1324,haroon_khan,3049,2123,303,2046,1458,2082,PK
1325,joseangel2007,5159,2161,207,2136,2853,2035,CU
1326,arturleandro2021,5921,2555,706,2340,12114,2339,BR
1327,bistravoda,6148,2228,182,2062,479,2003,HR
1328,ramonerik,20136,2265,397,2301,1502,2097,HN
1329,superbchessplayer,1516,2236,128,2204,1176,2000,HU
1330,stambul65,21489,2549,1455,2555,1238,2317,AM
1331,pattric,17566,2292,586,2321,4255,2165,NG
1332,chirag54321,13353,2241,528,2341,1952,2204,IN
1333,soham10,593,2216,305,1849,180,1947,IN
1334,atil,3550,2286,106,2282,5114,2411,AQ
1335,iammatecheckmate,1208,2507,948,2654,1127,2376,PL
1336,hdk2127,4958,2215,539,2202,2509,2111,IN
1337,adamak123,4009,2610,389,2459,2449,2496,TR
1338,nikitafedorov,1900,2493,200,2505,787,2391,RU
1339,sadat432,12406,2286,1344,2287,1180,2143,BD
1340,untapped_potential,5726,2263,936,2337,6405,2182,US
1341,champkg,973,2357,107,2284,413,2154,RU
1342,lenni2001,10728,2219,142,2069,1113,2027,DE
1343,cphiwe,3148,2252,109,2139,2615,2353,ZA
1344,hip-h,8156,2225,1063,2222,4616,2004,DE
1345,filipinho,5412,2289,104,2028,821,2258,HR
1346,itscominghome,1487,2234,392,2285,1398,2312,UK
1347,agsikapin12,5688,2352,2639,2332,38325,2321,PH
1348,mikdo,5936,2377,505,2501,1239,2297,AQ
1349,sebetlela123,7063,2354,493,2242,981,2301,BW
1350,mahmoood868,5656,2248,766,2129,2066,2201,EG
1351,afghan_physicist_faz,4327,2281,164,2398,505,2183,AF
1352,riandi,6668,2265,2046,2346,2243,2219,ID
1353,ceres222,819,2202,109,2242,6791,2200,IN
1354,sajid0987654321,1254,2314,1156,2419,1890,2234,BD
1355,imaman7,4521,2202,347,2213,6834,2045,IN
1356,franjo23,5162,2205,344,1935,2970,2005,HR
1357,brotello,3588,2580,613,2520,4549,2566,RU
1358,mazzaiazz_3000,11811,2231,1512,2308,14643,2122,FI
1359,cj58,4189,2275,1448,2392,5573,2318,GB
1360,gandac_de_bucatarie,7679,2257,101,2342,533,2065,BR
1361,alexander_domalchuk,1449,2457,452,2331,4382,2524,IS
1362,manvelartur,4757,2253,1379,2138,1361,2001,AM
1363,jackda7ank,4959,2210,2077,2450,12134,2251,ZA
1364,jules_04,12450,2300,1567,2266,9087,2300,PL
1365,jamie_k,1182,2316,664,2403,260,2314,UK
1366,alexandrovitch92,21027,2324,2953,2288,20590,1979,CI
1367,nyameba,17339,2209,808,2319,11104,2160,GH
1368,dnl6,3232,2377,1924,2409,1161,2087,RO
1369,pawncrusher06,517,2330,151,2284,968,2405,SE
1370,sun5,2117,2306,177,2210,2031,2315,RU
1371,tanitoluwaaps116,1610,2223,233,2228,2280,2367,US
1372,dwikis,4356,2237,147,2218,1663,2199,ID
1373,quaz,3215,2275,2054,2348,413,2134,US
1374,aravinth,1302,2204,164,2135,12078,2293,FR
1375,chesswithovi,3949,2204,157,2152,3273,2305,US
1376,stormchess_alden,545,2228,197,2240,325,2120,IN
1377,mihael2002,9443,2419,720,2397,2290,2479,HR
1378,gk100,3566,2209,395,2092,882,1865,LT
1379,sonu1233,788,2600,457,2511,1130,2500,IN
1380,nikolsen,4574,2307,379,2131,5703,2363,NO
1381,superman89,1637,2306,112,2311,30680,2276,CA
1382,thanhbinh052,5510,2217,564,2203,3915,2210,VN
1383,davsof,5306,2443,247,2511,6453,2369,AX
1384,toysen,3416,2204,574,2111,5405,2170,NO
1385,ts-ale2005,3082,2429,802,2113,667,2353,GE
1386,hmohamed710,10788,2306,494,2318,2004,2204,EG
1387,yosephkifle,6531,2281,229,2301,6902,2284,ET
1388,lil_mark,6789,2301,133,2374,15839,2400,HR
1389,rwhite1970,555,2354,242,2198,711,2131,GB
1390,doktorwho,540,2235,170,2329,3642,2103,AT
1391,przybylski07,1296,2226,431,2252,6094,2425,PL
1392,ilarion579,1447,2313,532,2282,1407,2213,UA
1393,pareyounet,3330,2330,162,2166,708,2111,FR
1394,capt_mjs98,4828,2230,419,2212,5874,2199,CA
1395,sauvignon,16484,2345,237,1980,3876,1962,IE
1396,splitrings,1156,2306,464,2400,3939,2317,AQ
1397,lance5500,11762,2562,277,2674,21514,2737,RU
1398,atuz,4101,2295,460,2392,2820,2100,DE
1399,manwithoutavan4,642,2225,120,2210,586,2100,ZA
1400,nottodayxd,5268,2360,578,2406,2548,2249,SA
1401,jahranga19,2478,2204,136,1966,3612,2119,GB
1402,khryseos,1749,2232,106,2268,975,2127,MQ
1403,pason69,24954,2401,125,2269,1594,2299,SE
1404,kenadok81,7051,2204,207,2135,4233,2100,MY
1405,taylorpearson,2568,2232,256,2404,2302,2310,GB
1406,charis_15,14680,2257,1647,2335,16950,2315,NG
1407,owi2221,5178,2310,572,2132,2904,2051,PE
1408,mariusandredahl,2624,2238,1068,2231,8711,2157,NO
1409,chessplayer00000,2328,2525,223,2542,1853,2321,IN
1410,thinkerteacher,5308,2245,945,2271,2415,2230,PL
1411,thewinninglion05,2532,2294,946,2250,244,1958,IE
1412,dhafinaulia,4198,2419,221,2331,4946,2601,ID
1413,danila_07,4450,2237,853,2153,2412,2007,RU
1414,ninjago_chess,11168,2223,205,2097,793,2047,PL
1415,chesskimon,13308,2208,1346,2361,5598,2076,NG
1416,emirsharshenbek,6972,2523,383,2363,3935,2379,KG
1417,psychodoc1411,2708,2248,230,2194,661,2025,DE
1418,dvaldez,2504,2286,128,2114,12404,2172,CA
1419,akkoz,171,2323,118,1458,314,2350,KZ
1420,jmwgroff,5604,2322,3997,2415,1624,2215,US
1421,invader1962,1168,2236,584,1768,1873,1834,IN
1422,rustam2009,903,2352,206,2207,1128,2444,AZ
1423,fishing_tadpole,1592,2404,103,2349,7033,2288,IN
1424,gamarix,7845,2391,354,2453,1826,2406,PT
1425,ciadoxadrez-youtuber,4234,2386,272,2342,5910,2227,BR
1426,smartypantschess,1634,2367,107,2229,9248,2414,UK
1427,pipandchuk,13531,2448,371,2513,6116,2458,US
1428,mati44,12607,2244,1890,2183,9686,2186,PL
1429,qf2001,7170,2421,132,2148,10223,2306,CO
1430,boomerremover2003,4274,2404,150,2462,1371,2276,ZA
1431,titikiza,5114,2278,415,2431,1569,1687,ZM
1432,magicianolayres,6178,2221,168,2219,1087,2086,PH
1433,beanpower,2748,2208,426,2310,1881,2021,JM
1434,crazy-pendru,2298,2283,114,2302,1109,2100,PF
1435,prommizex,33111,2350,638,2387,4670,2186,NG
1436,snipe123,475,2322,145,2256,12091,2321,PH
1437,passingshot,935,2316,1078,2278,124,2000,IN
1438,arkodiptodutta,7468,2275,242,2168,37882,2360,IN
1439,koncheto,2498,2474,248,2420,4014,2602,BG
1440,pajde,4686,2305,269,1979,6286,2192,BA
1441,rabl,2907,2346,111,2254,9229,2199,DE
1442,clubparquerivadavia,2997,2204,297,2188,872,2104,AR
1443,subham777,1745,2399,159,2251,4590,2477,US
1444,theonj,1283,2250,159,2303,1268,2241,NO
1445,tudor2211,9050,2315,321,2424,1817,2195,RO
1446,blundertv,4057,2445,1443,2339,2298,2253,IM
1447,asterix09,2276,2203,622,2156,3392,2159,CA
1448,oscarveiergang,2852,2202,147,2164,1399,2114,DK
1449,adolfmator_ujchess,8467,2302,291,2258,2428,2060,AZ
1450,rbarder303,3995,2213,1468,2233,6307,2303,US
1451,kiprotich,16532,2272,1152,2205,8138,2118,KE
1452,oliverk0308,6945,2208,1972,2313,6907,2040,MK
1453,stephenwilly,1021,2309,710,2271,415,2262,US
1454,cronaldinho,21935,2295,366,2262,5894,2202,HR
1455,toniiiiiiiiii,22136,2232,4757,2424,11175,2207,HR
1456,stillchino,28053,2320,1999,2402,3729,2168,NG
1457,renanreis,23005,2372,3673,2440,3288,2380,BR
1458,c-jincheng,1742,2204,1296,2317,3233,2256,MY
1459,alain1,1694,2256,236,2307,3215,2105,AG
1460,queenforaking,894,2238,693,2287,2938,2223,US
1461,sumitbarua,6581,2251,111,2245,9511,2110,IN
1462,notyetuhuru,8433,2233,586,2170,1591,2031,KE
1463,hijosmios,4664,2346,131,2388,688,2163,CO
1464,shegaonkar_ak,1489,2224,544,2298,5863,2317,IN
1465,bwalmer,2539,2503,1081,2551,4728,2504,US
1466,vukasin_r,6466,2260,288,2045,452,2167,RS
1467,nickspyro13,3047,2518,139,2407,14638,2601,GR
1468,peopleare_safe,3513,2420,263,2319,1069,2482,KZ
1469,kayz88,12815,2289,2017,2393,107,1982,PL
1470,minageus,1606,2402,203,2403,12940,2401,GR
1471,gakolchess765,2307,2618,535,2527,2033,2722,GR
1472,the_cool_guy,2597,2395,196,2335,4334,2596,IN
1473,samithchess,918,2361,3056,2156,1571,2427,IN
1474,cwk_darren-m,4034,2349,689,2339,2161,2364,JM
1475,looizhiming_chess,2741,2306,152,2338,537,2017,MY
1476,c0nor,178,2262,157,2166,366,2504,IE
1477,blijmetsjoerd69,3658,2393,399,2486,2712,2443,NL
1478,cymba,11509,2300,572,2404,1541,1953,ZW
1479,stuckfish0,2304,2380,658,2316,208,2232,SK
1480,tanler,7751,2321,326,2334,5133,2244,EE
1481,sudaka,21487,2237,148,1774,9260,2248,AR
1482,tomiwa_ay,4228,2243,163,2209,7452,2075,NG
1483,richi23941,887,2216,126,2277,446,2256,DE
1484,onas,4765,2376,209,2521,5184,1883,PH
1485,jozarov,51609,2441,249,2533,40569,2502,HR
1486,francisco503,5370,2201,262,2202,2643,2115,SV
1487,vinayvekaria,10961,2258,1684,2353,7517,2102,GB
1488,tigran007,4234,2279,230,2313,2547,2107,PH
1489,the_jonathan,5899,2208,176,2149,21284,2166,CL
1490,syednasiffuad,6659,2357,693,2193,12420,2282,PS
1491,tacticsforever2800,3239,2385,147,2392,3430,2436,IN
1492,nguyensyduc,5077,2401,974,2271,1883,2410,VN
1493,resonantdonkey,1249,2205,257,2126,3980,2228,US
1494,michumiszczu,8311,2335,986,2400,2383,2273,PL
1495,ranga2002,1805,2301,524,2280,2406,2204,UK
1496,shanem123,4013,2444,275,2371,17371,2313,IE
1497,bot_mcbotface,348,2608,187,2600,286,2647,SE
1498,chesspower24,3520,2252,268,2313,2175,2138,IN
1499,mike14gr,641,2205,668,2431,606,2021,GR
1500,kiddomania,14176,2292,694,2388,3509,2064,ZA
1501,robinsjp,861,2208,574,2330,33568,2123,GB
1502,davieskakra,12721,2238,2852,2214,3946,2133,ZM
1503,speedyplot,730,2309,191,2437,5001,2328,US
1504,rar_nagibator2008,972,2251,275,2155,2145,2072,IT
1505,iamjval,864,2278,418,2114,109,2065,IN
1506,majdsarhan,11929,2223,731,2198,1886,2166,PS
1507,luckyowl,2383,2336,135,2154,3271,2381,HU
1508,ritchiejamesabeleda,5254,2419,629,2382,17571,2484,PH
1509,cemcekli,4005,2239,154,2215,5509,2218,TR
1510,abyjith,8054,2218,736,2146,6510,2369,IN
1511,andrzejwuj94,7508,2372,198,2290,985,2025,PL
1512,ahmedmoataz,8509,2302,604,2007,1873,2060,EG
1513,hjosic,112,2348,143,2211,513,2320,HR
1514,kingfischer007,2278,2264,832,2380,1763,2186,IN
1515,michaeljoshua,2309,2500,301,2535,2506,2306,PH
1516,waldevarad,4949,2254,348,2045,3404,2213,IN
1517,rajmithun,10022,2300,110,2222,15784,2300,IN
1518,thechesslobster,2246,2257,1258,2326,984,2141,US
1519,shuouma2,8652,2208,2067,2302,2182,2195,MA
1520,khalil-mamane,24561,2354,762,2138,320,1816,FR
1521,aljopeljhan,1584,2356,178,2292,15838,2411,SI
1522,j3742,2146,2244,192,2344,10217,2344,US
1523,faryma,5909,2270,3375,2135,2918,2101,UA
1524,messiah_of_chess,18044,2300,153,2253,596,2110,EG
1525,miniond,3276,2280,1082,2246,14367,2283,RU
1526,angbx,1186,2259,101,2160,348,2050,SG
1527,lucailmagno2005,1277,2201,223,2329,574,2203,IT
1528,ediboss21,4831,2366,116,2138,21223,2393,AQ
1529,cebokhumalo,4956,2397,429,2068,5472,2156,ZA
1530,lilanarus,9757,2270,516,2312,10316,2400,DE
1531,ruize,3693,2305,352,2312,3950,2271,MX
1532,narcissexxx,7490,2264,967,2276,852,1803,ZW
1533,kaido_dragon,394,2300,119,1822,504,2229,IQ
1534,speedmonster1,2155,2201,160,2078,897,2076,RU
1535,arthikan,2481,2250,531,2126,454,1977,LK
1536,chessislife64,712,2233,159,2017,1166,2157,IN
1537,gustavoparreira1351,4820,2230,1524,2228,5210,2242,BR
1538,jigsaw123,7371,2373,109,2158,2619,2229,EG
1539,gaudeoo,2685,2223,1045,2204,5547,2222,DE
1540,nightrain20,2602,2234,5368,2380,1458,2048,GR
1541,masonbrouwer,3936,2363,170,2328,933,2240,NL
1542,itai,1407,2227,428,2051,3108,2179,IL
1543,tebza_amg63,6056,2225,306,2237,4346,1998,ZA
1544,heinenj,3514,2500,769,2298,2603,2298,NO
1545,m80_11m,17491,2217,2786,2161,4846,2005,NG
1546,gyahsurvivorhwg,474,2336,319,2150,286,2171,PH
1547,ameeralsallehi,39701,2324,262,2160,1029,1996,IQ
1548,ericrosen,4842,2645,869,2609,14332,2756,US
1549,shunzhu22,20097,2256,950,2091,14468,1978,US
1550,askamundsen123,7103,2307,504,2270,22110,2370,NO
1551,flyfire,18942,2203,643,2071,4612,2108,EG
1552,madnutella,1044,2277,215,2214,2991,2456,PW
1553,song_of_ice_and_fire,3926,2391,159,2229,25274,2377,IR
1554,anudeepanoop,2336,2206,282,2307,2078,2093,IN
1555,sriramadarsh,683,2202,508,2293,1473,2057,IN
1556,nathanael2004,518,2255,117,2239,802,2108,CA
1557,loristaka17,2911,2229,458,2248,916,2064,DJ
1558,alexchess05,2168,2381,164,2463,3151,2354,NO
1559,r-grey09,2240,2263,265,2261,2165,2106,PH
1560,skillerbabo,2949,2600,581,2550,8311,2531,DE
1561,lennor17,4574,2317,218,2375,15769,2401,AE
1562,justieee,2524,2250,228,2338,3676,2091,IN
1563,daniel_el_canario,1882,2215,239,2271,5081,2218,ES
1564,allmighty,4762,2410,102,2203,2819,2149,HR
1565,bedrooooooo,3719,2201,421,2381,19018,2128,MA
1566,jimmy-0,861,2338,120,2450,3928,2517,FI
1567,kouoibertrand,1984,2302,456,2348,5696,2323,FR
1568,biffel,2536,2398,147,2301,1033,2242,DE
1569,n00bmeister,684,2263,4242,2104,18956,2270,LB
1570,shpylykruslan,656,2283,1136,2341,449,2056,UA
1571,derdoctor,1850,2351,328,2403,1623,2305,DE
1572,rognort,6841,2233,115,2155,731,2018,CZ
1573,che554life,5186,2205,603,2206,5440,2210,AR
1574,futurewcc,1227,2630,366,2282,273,2468,NO
1575,ireonus,10041,2236,458,2285,1599,2117,ZA
